3.574186044442259008e+05,1.243833989077403239e+05
3.239539745812475448e+05,-2.175606345449592482e+04
2.894570987108787522e+05,-2.050526394597051330e+04
2.167137264387577015e+05,-9.429603029414698540e+03
2.157285538763598306e+05,-2.523388283892417166e+04
1.152337391604636941e+05,-1.422944006270292630e+04
2.126795724988734873e+05,-2.452187242749583675e+04
9.092629399746815034e+04,-1.146802275687126166e+04
9.728220518543447542e+04,-2.486825393386013820e+04
6.390837685855198652e+04,-2.108266585570323878e+04
3.498780312200908083e+05,1.759864358785414879e+04
1.093105362548992562e+05,9.512737295599372374e+03
4.448792355302028591e+05,3.631984076639480008e+03
5.149704110231874802e+04,9.816252460572295604e+03
1.874217549826600589e+05,6.783384385629797180e+03
1.672992088221161393e+05,5.555813180279997141e+03
9.552960312065298785e+04,2.444948188352628222e+03
-8.582257561509494553e+04,3.016854327291554455e+03
3.712068225758765766e+04,3.248769506134581206e+02
-3.806018425106385257e+04,1.976291386555150666e+03
-6.397037704623435275e+04,3.043442565035094049e+03
1.692729772157933330e+05,-2.282664197384707677e+03
-4.036956194434275676e+04,2.180148162011706063e+03
-6.186801287191698066e+04,3.095958244555744386e+03
-7.724765351511181507e+04,2.613297613798900329e+03
8.419709092386919656e+04,-1.002597951790266779e+04
-8.341279161450084939e+04,2.595134368943526169e+03
-6.409738249590190389e+04,2.438180607966854041e+03
-6.929805776011863782e+04,2.380890454774988029e+03
-5.536276456897064782e+04,1.793004256372527607e+03
-8.708958666359455674e+04,2.769110048865321914e+03
-5.688230499332034378e+04,2.546215589557494241e+03
4.613510260032260703e+04,1.193482368362773059e+03
-3.486970530842909648e+04,2.724256135013231869e+03
-7.344596129868691787e+04,2.214365120268668761e+03
-9.717674068077173433e+04,1.335481232849744856e+03
-6.559699874515640840e+04,3.209453097319784774e+03
-6.511805015221544454e+04,2.173659871038516030e+03
-2.705917293057340430e+04,-3.455494071976023406e+03
1.314565347679414799e+03,-4.884886251393862949e+03
-4.805363117160203547e+04,4.696989779430276144e+02
-1.131693418709023717e+04,-2.537843266499918172e+03
-9.472765331400501964e+03,1.667298063899311046e+03
-3.183114487257382279e+04,-3.194667823789081922e+03
-7.465322915790813568e+04,7.265596757524855320e+02
-9.847285213083031704e+04,1.254013666350458607e+03
-9.017081469634901441e+04,1.645285449515131177e+03
-9.597184909776503628e+04,1.352308795090741114e+03
-9.599982529604266165e+04,1.319595094446677194e+03
-9.568464451793278567e+04,1.319985280847848344e+03
-6.240033582688610477e+04,-2.358223691349287947e+03
-9.662112950641680800e+04,1.061380679173136514e+03
-7.526947079335160379e+04,2.199438772460311611e+03
-7.369799543535891280e+04,1.871344890414069596e+03
-9.375859534980129683e+04,1.571153824688739405e+03
-8.880722749970117002e+04,2.553931701837963828e+03
-9.551151804753232864e+04,1.337551785641333026e+03
-9.709160613114501757e+04,1.335945661604614770e+03
-9.740032854563319415e+04,9.658399939459410461e+02
-9.899644621794333216e+04,1.544001698229813201e+03
-9.443155582375224913e+04,1.170127457104495988e+03
-8.854505059243449068e+04,2.126085627951283641e+03
-1.013130388252555422e+05,1.158565447745711026e+03
-9.855240814631174726e+04,1.349703457333185270e+03
-9.899763081160286674e+04,1.229368270039560684e+03
-9.577972870437819802e+04,1.263565432276030833e+03
-9.668181798431144853e+04,8.311024351001818786e+02
-1.006104008058712352e+05,1.169027006947691007e+03
-1.005829651124020020e+05,1.467486316372558576e+03
-1.001525211076627456e+05,1.153057682689073772e+03
-9.827181341370820883e+04,9.229397612549040559e+02
-7.880035115672327811e+04,1.712068072691336965e+03
-9.398501873229323246e+04,1.149887261191396192e+03
-8.104176957897581451e+04,1.670587654643517453e+03
-1.003166597135572374e+05,2.146405795419444530e+03
-1.023201340812912385e+05,1.188275570405932967e+03
-1.001808933554842806e+05,1.173672365189779157e+03
-9.828965783857127826e+04,1.343525848860189171e+03
-9.805800002043227141e+04,1.259160922572994195e+03
-7.069583478167701105e+04,1.420974121217639322e+03
-1.020179786646620196e+05,1.218327614392164833e+03
-9.078307073155259422e+04,3.163699704201431473e+02
-9.402438534995120426e+04,1.709908052358278155e+03
-9.773457867153699044e+04,1.273279013811106097e+03
-9.453904617294680793e+04,1.607520140223942235e+03
-8.563453821531646827e+04,1.313953672178685338e+03
-8.254233943996373273e+04,2.121839528179633362e+03
-9.627179515454841021e+04,1.161285837143889466e+03
-1.006274927154087782e+05,1.187165761420691297e+03
-9.302878111422834627e+04,9.667895695197570376e+02
-9.855120625036081765e+04,1.374491931636047639e+03
-9.988249730372839258e+04,1.113105980357326871e+03
-9.926299341953583644e+04,1.225677117446142347e+03
-1.006646692287113838e+05,1.194010282313379548e+03
-9.827293064827119815e+04,1.380057938413987813e+03
-9.332371901908822474e+04,3.315207314558497274e+02
-9.056176791237505677e+04,-1.356576075889212234e+02
-9.350771517916035373e+04,7.329378487775052236e+02
-9.807301352510643483e+04,8.593274767270308985e+02
-9.875434097613915219e+04,1.386859630572129390e+03
-9.639022246661900135e+04,1.918114024380347473e+03
-9.187448744968064420e+04,1.038599600051169091e+03
-8.678825023974053329e+04,1.544726377733847812e+03
-8.566153417569816520e+04,1.464548951602362877e+03
-9.569648530692355416e+04,9.816635534218235080e+02
-9.961684805692374357e+04,1.196568625963382146e+03
-1.015172863629626518e+05,1.487673357659384919e+03
-9.802734139962847985e+04,1.368474579953406419e+03
-9.844692124723624147e+04,1.251138215903428090e+03
-9.805549006648756040e+04,1.357120390006699154e+03
-9.589082973125179706e+04,1.313789950314320549e+03
-1.025170304502209328e+05,1.052411867823999046e+03
-1.010335080039634631e+05,1.216521582925538723e+03
-1.013149105330335733e+05,1.281536203673293357e+03
-9.602747848255414283e+04,1.423649084034283305e+03
-9.809841604578671104e+04,1.375456419396816273e+03
-9.818691870813441346e+04,1.448461375458207613e+03
-9.124537652293001884e+04,1.782268611587829582e+03
-1.019609053462953743e+05,1.125898931391299584e+03
-9.916906312249251641e+04,1.312975849342366246e+03
-9.800867441075071110e+04,1.275053824277783860e+03
-9.957397394931630697e+04,1.164393687834545062e+03
-9.726442828931940312e+04,1.431131934805120181e+03
-1.009245825588392618e+05,1.253361528082958785e+03
-8.948243954777518229e+04,1.507054195032275857e+03
-9.702211103423073655e+04,1.316131709811010978e+03
-9.907933105597707618e+04,1.326984086265780434e+03
-9.981265036862713168e+04,1.397983916914917472e+03
-9.932274000222637551e+04,1.190168682386324690e+03
-9.981591355058121553e+04,1.112735819920151926e+03
-7.022206941109494073e+04,1.139147551586981763e+03
-9.495261457297598827e+04,1.663907379344320361e+03
-8.318774370041703514e+04,1.470361976835106134e+03
-9.689964406701590633e+04,1.294151338174780221e+03
-9.567788213048584294e+04,1.215137393975525583e+03
-9.550390347301567090e+04,1.278568215639124219e+03
-9.867706122248517931e+04,1.296648705070224196e+03
-9.452833407015226840e+04,1.633527446478631646e+03
-6.886951326895305829e+04,1.865588796787102638e+03
-8.792335063374180754e+04,1.849810662481728286e+03
-9.924799467242066748e+04,1.327203865943806932e+03
-9.720122033404833928e+04,1.285138715689646006e+03
-1.023303205482172780e+05,1.095607421807190804e+03
-9.600314366488400265e+04,1.495748035867097315e+03
-9.134181802010601677e+04,1.589536257623637084e+03
-9.714638150160638907e+04,1.001512232198868901e+03
-9.874425461673035170e+04,1.599367726836625707e+03
-7.320687354313650576e+04,2.058633164196124653e+03
-9.599819006883328257e+04,1.703930935599650184e+03
-8.724548368324688636e+04,2.487861373611186536e+03
-8.999762404270902334e+04,1.680334740949185743e+03
-8.851898053613233787e+04,1.580582450387680865e+03
-8.209633288983168313e+04,1.888817141942802209e+03
-9.501363835016856319e+04,1.504194509558181835e+03
-9.501422559710245696e+04,1.118099460429026976e+03
-8.037276465024681238e+04,2.239040231445339032e+03
-9.592027367537317332e+04,1.338085500230439038e+03
-9.541976255761513312e+04,1.277122574134268461e+03
-6.316091385846595949e+04,2.357586691283196615e+03
-3.890132316410396743e+04,-5.669157611882676974e+03
-9.350914885659386346e+04,1.771071869284606237e+03
-9.617753623161767609e+04,1.147878775379276476e+03
-9.505449829172898899e+04,1.215907386861552595e+03
-9.330282056255072530e+04,1.578879255737612993e+03
-8.816810935649604653e+04,1.588660908186761162e+03
-7.448694697769341292e+04,1.028553111109760948e+03
-9.769492290777823655e+04,1.186195126098849641e+03
-9.876428323512688803e+04,1.136448045539001441e+03
-9.440773520661298244e+04,1.546331374136274235e+03
-9.162898373743316915e+04,1.297021528963570290e+03
-6.468060006659256760e+04,-1.549975778425346789e+03
-9.207374133254810295e+04,1.571404480879246876e+03
-9.862063271331487340e+04,1.370533544531043390e+03
-9.067564541486860253e+04,1.786057166408574858e+03
-9.182497419212860405e+04,1.671514761183307883e+03
-9.985930035881993535e+04,1.275361739245003946e+03
-9.531306628435074526e+04,1.483898561474263261e+03
-7.162783665616498911e+04,6.096896390473997371e+02
-8.700541497023933334e+04,1.620093167757815309e+03
-9.363605473275129043e+04,1.362543776802695447e+03
-9.069702270930979284e+04,1.622385552452682987e+03
-9.071193597479390155e+04,1.689935764475495262e+03
-9.993035217773669865e+04,1.197997502587727922e+03
-8.877201952429449011e+04,2.069502185883404763e+03
-7.860349773072099197e+04,1.609423095868468408e+03
-6.660821800503024133e+04,3.244853993220283428e+02
-9.491735279412513773e+04,1.453122234689065635e+03
-9.441224796386688831e+04,1.522866344011351202e+03
3.783199442683523521e+05,1.074786009668378028e+04
1.944759742681644566e+05,1.273102044748097796e+04
2.821834530615106341e+05,1.364639045685051133e+04
-4.723433018695461942e+04,1.050734472573577023e+03
-9.552633095100691207e+03,4.696038625895839687e+03
1.764677151512475575e+03,2.912926303045908753e+03
-3.756826495674000034e+04,2.530094490682391097e+03
-6.839630933934368841e+03,2.621165148511661755e+03
-4.534860645634968387e+04,1.810741556372714740e+03
-5.276940382872505870e+04,-8.375431492591128517e+02
-8.504584077421328402e+04,6.917856971664286903e+02
-9.897658619862845808e+04,1.358183288716858897e+03
-9.926838531944330316e+04,7.858331323510506081e+02
-9.283345433552951727e+04,1.579145731564924290e+03
-8.575866474697893136e+04,1.825302211545343425e+03
-8.869108192535118724e+04,1.766314292161463300e+03
-1.017164890299831168e+05,9.813370436472614529e+02
-8.005421231259257183e+04,-2.030424118945626901e+02
-8.766034558948791528e+04,3.404809676526072622e+02
-9.224887197877165454e+04,-2.752405849413190353e+01
-8.074075246875661833e+04,5.601079726397670129e+02
-8.224040545295967604e+04,6.662040098658378611e+02
-8.398196898199681891e+04,1.448409590272558262e+03
-8.160041205283100135e+04,1.212462268548993279e+03
-7.752912345015433675e+04,1.653519223806750006e+03
-8.860458979093129165e+04,4.916380616523327944e+02
-9.647790893618477276e+04,1.116070465198990178e+03
-7.505580590278342424e+04,2.329259966914029576e+02
-8.380805980388711032e+04,4.146522146002883346e+03
-6.799972744705845253e+04,-1.520643779211919309e+03
-9.416035636990152125e+04,9.803873418927886405e+02
-9.249199967706039024e+04,1.317120978505191715e+03
-1.004095184433104296e+05,8.867812715195295823e+02
-1.002311175432792807e+05,1.272480893159136258e+03
-8.595511752166858059e+04,1.860194682470573753e+03
-7.522206281063778442e+04,6.348510998475342149e+02
-9.423881618227365834e+04,1.508239453471629531e+03
-7.419041117855356424e+04,-4.597750032870403913e+01
-8.347509934365378285e+04,-2.241834589457876518e+03
-9.972218516303022625e+04,1.144728165306547453e+03
3.779247224660543143e+05,1.094397736255526252e+04
-8.367777821376610518e+03,5.162064373556611827e+03
-3.826879071837319498e+04,4.106725569928114055e+03
5.367073565113695804e+04,3.423507277051372739e+02
4.540967108578273474e+04,4.190053403299537422e+03
-4.463920958553266246e+04,3.192425849887667482e+03
-5.786239206283773819e+04,2.322164324266779204e+03
8.585243388019825215e+04,7.797175854183828051e+03
-6.861323230918115587e+04,7.042211453775894370e+02
-3.943428481758502312e+04,5.482801834462965417e+03
-5.622431482941130525e+04,3.039059324440851469e+03
-5.929313989547514211e+04,1.306418164431549030e+03
9.083739416145866562e+04,1.761226609673665052e+03
-7.622008996296356781e+04,6.520185732089805697e+02
-9.269886606813011167e+04,1.315076543298070192e+03
-8.065311712970760709e+04,1.239853494931558771e+03
-2.277227684403903186e+04,-4.749459681080777045e+03
-5.500679079099021328e+04,-2.959281851820921929e+03
-6.163872126817456592e+04,8.093437025181977162e+01
-9.358636158079521556e+04,1.715535112649682105e+03
-7.641373321414324164e+04,3.539860953410513957e+03
-9.149538740974097163e+04,6.320260427570084403e+02
-9.004680602949160675e+04,1.175583969467558290e+03
-9.433415636153619562e+04,1.430389904294594089e+03
-8.062911863557959441e+04,8.310381328285850486e+02
-7.543136975964637531e+04,9.234914822293155794e+02
-8.678094717744209629e+04,2.012169911916307001e+03
-9.801644089872745099e+04,1.283238356967320215e+03
-9.937608223687972350e+04,1.004386566089043640e+03
-8.797960206513735466e+04,1.452832420332285210e+03
-9.704920733307403862e+04,8.733672577251425082e+02
-9.407756855317667942e+04,1.075277982316280941e+03
-7.696802355620727758e+04,2.901083530067655829e+02
-8.135138043132184248e+04,2.009147997544822829e+03
4.296691341238541645e+05,8.113811030405883503e+04
2.076241409711340675e+05,6.770911576958215846e+03
1.061930909906932357e+05,-9.398651093162379766e+02
2.169238074710734363e+05,-3.507742399623924575e+04
2.097191968172258930e+05,-2.775706757125196964e+04
1.514809585723255586e+05,5.487639790830832681e+03
-1.757550611780648978e+04,-1.750589892587369832e+03
1.292856885171062640e+04,4.480038211087406125e+03
-4.463208801688480889e+04,2.057806397176470000e+03
6.097379068291560543e+03,-6.363916656496066025e+03
-5.373207300438044331e+04,2.474359173224755978e+03
-7.933461409455962894e+03,-4.365961144809270991e+03
-3.517400169188509608e+04,-5.388418133117340858e+02
2.766940905821014894e+04,1.798130827672944861e+03
1.416174874807332526e+04,3.631618055277216627e+03
-4.136384352148621110e+04,-4.832633355830535038e+03
1.083795134210198594e+05,4.871064185221753178e+02
-8.405655930818112392e+04,9.672999326645417568e+02
-1.014183759633620939e+05,1.241358436244576524e+03
-6.789778570398270676e+04,-1.263768763415196048e+02
-8.499257725380947522e+04,1.405520113857865681e+03
-4.389616212599248684e+04,-1.717058488117202842e+03
-8.890452519268165634e+04,5.629634005423952203e+02
-8.063017901015453390e+04,4.683762602328587263e+02
-5.332438918494827521e+04,-3.888342240988304184e+03
-7.952328866335720522e+04,-6.962174423801233161e+02
-8.126654802242662117e+04,1.571812012376388168e+02
-7.626637361649944796e+04,-4.367036255530863855e+03
-5.456376463938585948e+04,-4.756264990624617894e+03
-6.336507960189744335e+04,2.474210438515712667e+03
-9.034534853311194456e+04,7.849867713485955392e+02
-3.956302045142724091e+04,-1.141533531967465751e+04
-9.446094599568060949e+04,2.585388408102523954e+03
-9.265606357435032260e+04,8.309361243959695003e+02
-6.416776125666126609e+04,1.428267799883888074e+03
-7.696868412082112627e+04,6.727759210575530915e+02
-6.610246429131082550e+04,-6.176686425570260326e+02
-8.786648551821874571e+04,1.873276684185959084e+03
-7.701572549128120590e+04,1.057619870774590936e+03
4.217762760390010662e+05,1.694481773644555142e+04
-7.869117232979529035e+03,6.603260623719878822e+03
5.313013234316267335e+04,6.311330233332822900e+03
2.137530170600389101e+04,4.489372175375859115e+03
-5.320745131742049125e+04,1.786969240531528385e+03
-2.143189945530769546e+04,5.655909131982536564e+03
-4.968765829577715340e+04,2.386045128639217637e+03
3.013634100816973660e+04,2.566686403919077293e+03
-5.345624979922462808e+04,-3.279764909022153006e+03
3.620628232288116124e+04,4.588067766703141388e+03
-4.560063044631361117e+04,4.048107860923926637e+03
-6.017215431694062136e+04,2.173349097797055492e+03
-5.709061798210142297e+04,2.561084950002846199e+03
-9.395906034727349470e+04,2.075541787577507876e+03
-9.985783452991594095e+04,1.232307729149570150e+03
-9.829590485901145439e+04,9.852702695451208683e+02
-7.558143048393119534e+04,2.164964278533959714e+02
-9.162706671863349038e+04,8.416632183353616483e+02
-8.770676345113638672e+04,1.275372255869356195e+03
-9.422089497709543502e+04,5.301127840041946229e+02
-9.561688488664600300e+04,1.031734670785492426e+03
-9.864943737722486549e+04,1.611148247470886190e+03
-7.133137419894625782e+04,-5.403966601680015458e+01
-7.829308348086682963e+04,7.326930049950290140e+02
-9.994905614884391252e+04,7.521534715953702062e+02
3.091975073560331366e+05,1.615743605239020144e+04
4.307168730597642571e+04,9.249161507749809971e+03
1.131020058666437253e+05,6.161737079799821004e+03
7.651818662500563369e+04,9.566978174816278624e+03
-3.916985867976402369e+04,6.118828688115304431e+03
-3.733812419573490479e+04,1.644321912171081976e+03
-5.217622838170659088e+04,2.013468395409362870e+02
-6.261651502795084525e+04,1.000098220176009363e+03
-5.685490559985650179e+04,2.802532839687325122e+03
-7.070527610866498435e+03,6.946822620583309060e+01
-3.051441653874337499e+04,1.816535829155641295e+03
-7.420961645962852344e+04,1.729770138106128798e+03
-5.204049875690671615e+04,4.753968231686550325e+02
-8.281341202918232011e+04,-1.809006957667502775e+03
-8.726645949499194103e+04,-1.285192185137774004e+03
-7.358363432497419126e+04,4.157781159094107011e+02
-9.465911404572073661e+04,8.777878886016233082e+02
-9.235548819470408489e+04,6.695602012107327710e+02
-9.018531568568835792e+04,6.316333677248353524e+02
-9.189937144538917346e+04,5.041499982145472813e+02
-9.450853873231277976e+04,7.377651560574182668e+02
-8.885890218701506092e+04,1.037879792724183517e+03
-9.499827385997478268e+04,5.612095196529155601e+02
-9.004485372533471673e+04,8.504317141300273306e+02
-9.845778764499141835e+04,8.694079749794231020e+02
-9.665953762457249104e+04,9.646055816320973690e+02
-9.604670033686253009e+04,8.463573188573562902e+02
-6.600096808641310781e+04,-1.380363374123381845e+02
-7.742810393735427351e+04,7.584373806591181619e+02
-8.969577539223927306e+04,1.985580547149972972e+03
-8.094843633864956792e+04,3.800732903645912870e+02
-9.201200330634332204e+04,8.114097796830178595e+02
-9.157772757807970629e+04,1.742010233976227937e+03
-6.930424463176671998e+04,-2.438395572054271554e+02
-8.101384615812434640e+04,-1.458604900283014061e+01
3.639082273414444062e+05,1.038301619897553610e+04
1.013706727969513449e+05,1.028863324283491602e+04
4.419951662966730073e+05,1.227088182786547077e+04
4.393413078548415797e+05,8.122357534769420454e+03
-1.259233134721604301e+03,2.014612240009013931e+03
1.809982951332543962e+04,-2.488397338617015521e+03
-2.167180967611931192e+04,2.769509596629918178e+03
-4.445148415110370115e+04,1.515882124685773761e+03
-1.083844528481922134e+04,3.015285927479997667e+02
-4.202908524989825673e+04,-5.448059941979594356e+01
6.649959557529692574e+03,9.733311479638158517e+02
-3.477540195600372954e+03,-1.980911642695266437e+03
-5.473052324294480059e+04,7.792227280827019058e+02
-8.467050585827865871e+04,4.152402203447318243e+02
-8.913889328841437236e+04,1.855267568045465509e+02
-7.947148545665925485e+04,1.615227848461632448e+03
-9.199352299543759727e+04,-6.250064917867276790e+02
-8.438966021109996655e+04,4.388380438822551355e+02
-9.492778197312980774e+04,2.333991805701795954e+02
-9.421015173910975864e+04,1.103117150434727591e+03
-1.030947627807116951e+05,1.125667298240011405e+03
-9.635900088734533347e+04,1.423871622475050799e+03
-7.525895176210717182e+04,2.797546699439426902e+03
-9.899675538736593444e+04,1.242304459170480413e+03
-9.255694232319685398e+04,1.530821259909127548e+03
-9.781223319121278473e+04,1.652226873583793804e+03
-7.965844803698168835e+04,9.864536380744449389e+02
-7.718550069566897582e+04,1.052030189606191016e+03
-9.915040196120100154e+04,7.868510827182748244e+02
-9.800133383710878843e+04,1.053165383914692256e+03
-1.010310603945472976e+05,1.297189535753173232e+03
-1.001046494311354036e+05,1.532581608879758960e+03
-1.018151696159148123e+05,1.173451109970516654e+03
-7.042808359455167374e+04,-7.960861328434112920e+02
-7.315738684885710245e+04,4.571267829997923400e+02
-9.300321224074046768e+04,1.548637109792135107e+03
-9.645693177239493525e+04,5.142668701932377644e+02
-7.527357564978598384e+04,9.276913916523411672e+02
-7.972093273099625367e+04,2.043618789624820693e+03
-8.889288691920564452e+04,9.641481694709864314e+02
-9.814086875909769151e+04,8.221372931265671014e+02
-7.582054023158409109e+04,1.569265328541257531e+03
-9.291844291183784662e+04,8.345868218521890185e+02
-9.356606386704622128e+04,6.656673826300670953e+02
-9.382727918923318794e+04,4.893513029184858283e+02
-9.488773333770554746e+04,9.411320453083368420e+02
-7.667400112192929373e+04,-3.609064483126473419e+02
-8.625799777805847407e+04,1.493668742407440504e+03
-9.567537858116660209e+04,9.490805990522136426e+02
-9.159393188577789988e+04,1.577591445942494829e+03
-7.917661655713639630e+04,5.693510957410920810e+02
-9.975577069620712427e+04,1.062001693289239711e+03
-8.426421521240018774e+04,3.048374513522925099e+03
-9.328756883234072302e+04,1.045933678592121396e+03
-7.235965266518108547e+04,-1.283895440954700291e+02
-1.018839640460681985e+05,9.019090974163304963e+02
-9.179565100332019210e+04,4.250295361686571596e+02
-9.460377198667444463e+04,9.070984628854868106e+02
3.394347988579380326e+05,2.361531536726345439e+04
2.103818996717871050e+05,1.413444816083678415e+04
1.319785461486591084e+05,1.072199805976137031e+04
1.153445359140501532e+05,-8.896373528793354126e+03
1.775603547244981019e+04,-3.272204959352778133e+03
-2.402284879767601160e+04,-2.582996729140169464e+03
1.523854868496663039e+04,-9.651204432337013714e+03
-3.343728491765961371e+04,3.681049280599251006e+02
6.979393977051852289e+02,2.774607401329182721e+03
-2.039904220888971759e+04,-4.024062871978200292e+03
-5.607749028491158242e+04,4.687565942104176742e+01
-3.122039291149019118e+04,-3.123102425129612243e+02
1.609484515942783037e+04,-5.232372740532037824e+03
5.804284391272012726e+04,-1.310646030485050323e+04
1.326386081645982267e+04,-1.471365741802676712e+04
2.382046925991338503e+05,-5.126851536094652602e+02
1.386031604157126276e+05,-6.034958610309993674e+03
1.740052654071627103e+03,2.572083661930089875e+03
-5.794720188054566097e+04,-1.559150956221096521e+03
-1.678292814058546719e+04,-1.468309584798285505e+04
-3.436620979784113297e+04,1.227438782450523007e+02
-2.387043233851841796e+04,-5.300410803615644909e+03
6.585627945979750075e+04,-8.119563943942788455e+02
-1.737187667603309455e+04,-1.602504625193737866e+03
-3.163508785061127855e+04,-8.020323911629996019e+02
-3.980305866578571295e+04,-4.426826234432635829e+03
-3.353251237133858376e+04,-4.688500105261923068e+02
4.781933068765007192e+04,1.433587618476200532e+03
-4.588756711520652607e+04,3.586763817644516905e+01
-2.806704729374598901e+04,-2.521452443687073810e+03
-4.019611317723498360e+04,-7.097372464873586978e+03
-2.238841102402850447e+04,-2.835212365036406368e+02
-5.246545943261234061e+04,-2.187524860078459369e+03
-7.511617921638565895e+04,1.181334065282679830e+03
-7.287983855013235006e+04,-1.926367279685138783e+03
-4.574374266650404752e+04,2.395611232974428049e+02
-7.285880402341643639e+04,1.435550058405168784e+03
-7.727989363467341173e+04,2.501588126076118499e+02
-3.139280736138285283e+04,-3.358213234957156601e+03
-8.913924373530547018e+04,-1.067732554620958183e+02
-6.935259001289583102e+04,-1.104390651254181876e+03
-8.708106715341185918e+04,3.435029029537443876e+03
-6.337442739809190243e+04,1.084653256613550184e+03
-8.033910012507393549e+04,-3.491072611280676938e+03
7.131857457852892112e+05,8.119025838498875601e+03
1.386658107545163657e+05,4.698985369055006913e+02
1.134838117665849713e+05,-1.713288524309825334e+03
8.791021788973888033e+04,1.833694027300721018e+03
5.582202545388061117e+04,-2.303640253929695518e+02
3.612467514034891792e+04,-3.793743343229484140e+02
1.536975383870600199e+05,-3.794621223586620545e+03
2.752198724494608177e+04,1.880302195853884086e+03
2.127596186087935712e+04,3.426225197831357036e+03
-4.857793277188421780e+04,4.968320913210806111e+02
7.546685778560994368e+04,-7.810450093065143847e+03
-3.732820725994145323e+04,-4.147811398804572491e+03
-5.853563482547066087e+04,7.667306671454947491e+02
-1.492982579497087681e+04,-5.651500870480992489e+03
-5.332037273595728766e+04,1.441531270733909651e+03
-9.395298442560309195e+04,9.618904604370787865e+02
-6.802307843499915907e+04,-2.016619307115973243e+03
-8.101118248203287658e+04,7.284443730312175376e+02
-8.616236711558060779e+04,-4.515642751791006617e+02
-7.140476690950225748e+04,9.968109780455435612e+03
-4.443383525338307663e+04,-2.674608028422581810e+03
-6.661318503343664634e+04,-3.323915537570036577e+03
-7.688372456382356177e+04,-8.828461833968952988e+02
-8.538293916822520259e+04,-1.288243176813895445e+02
-5.938028199522093928e+04,-3.559466317305216762e+03
-6.148889729953687493e+04,1.867960307346837453e+03
-7.583594946579429961e+04,2.979363268530144637e+02
4.411259803598858416e+05,1.104326496181850234e+04
4.798616745875636116e+05,-1.030335162294466954e+03
8.931495866134324751e+04,4.531003434811695115e+03
2.168007034235462488e+05,-7.320307458307992420e+03
2.430511798938293359e+05,6.259253759611224268e+03
-2.335133662923952943e+04,1.955615124485843580e+03
1.872584188989400354e+04,-5.151137616186356354e+02
2.616578695172763037e+04,1.963669826610413054e+02
5.856764604517434236e+02,-1.954908394104166291e+03
-2.170542837521959882e+04,2.081087192191599115e+03
-1.103591849476491370e+04,-2.053792514896859302e+03
-2.612857341282930065e+04,-3.691442675534378850e+03
-8.334307109026936814e+04,-1.468588130494501229e+03
-7.630012403344739869e+04,-3.146368731530994410e+03
-1.019541092549715977e+05,1.295569409337696698e+03
-1.002428827048446110e+05,1.504306196898051894e+03
-8.998824213226420397e+04,1.625341506999985313e+03
-1.004356055826840020e+05,1.205390152946315538e+03
-8.370028730361680209e+04,-1.756199627158410976e+02
-7.586065382626930659e+04,1.100124800285691663e+03
-9.402630068672321795e+04,1.918776392188845193e+03
-8.790264181024454592e+04,1.389021258607895106e+03
-9.226799221698573092e+04,1.888630806540762023e+03
-9.804921549499676621e+04,1.086248530809605654e+03
-7.942256987711443799e+04,1.515322243421823259e+03
-9.630420695026421163e+04,1.252240578924638839e+03
-9.815003384027298307e+04,1.121048430833576276e+03
-9.250595715431659482e+04,6.267163267582047865e+02
-7.044075978801966994e+04,1.624935834161942012e+03
-4.745470749088697630e+04,-3.146738318175152472e+03
-8.004953391177442973e+04,5.563251687743269969e+01
-8.633733413189610292e+04,1.044698211705976291e+03
-8.591742480396426981e+04,1.066404964081919843e+03
-3.555286046719445585e+04,5.532456630761696942e+03
-6.299339959023333358e+04,-1.171389050955232051e+03
1.833485207856516354e+04,-1.161499390691448025e+04
1.029053028007187095e+05,-1.647239428538996071e+04
9.854506215037679067e+04,3.724075946061118157e+04
1.189589058730715478e+05,-3.112250345044717324e+04
4.358708144595775229e+04,-6.942259906521589073e+03
3.614252667550246406e+04,-1.757580683007780681e+04
1.249620073736023915e+05,-2.764496615872161783e+03
1.385418703857946384e+05,-4.636943868659460713e+04
4.959091267693800182e+04,-2.520043268172833996e+04
6.819418927542040183e+04,-3.600508976329198958e+03
4.228134124723828863e+05,-2.217145339072654679e+04
2.168961744620351819e+05,-1.886250187236623333e+03
6.288513635151848430e+05,-8.205078587146740756e+04
2.616490906289003033e+04,-6.357735195955308882e+03
1.539266031528860140e+03,2.093547425006019694e+03
3.998813723401439493e+05,-4.965978324266272102e+04
2.212957392384856212e+04,-7.006870675893341286e+03
7.027985603307370911e+04,-1.004503044988348483e+04
2.535747294257561953e+04,7.976601551780056525e+02
3.854617811970680486e+04,-1.137985117108154782e+03
2.404455760310265177e+05,-3.869241403939711745e+04
1.354646552895457135e+05,-9.166645532800599540e+03
-1.746460049114117282e+04,-2.056508449206279238e+03
6.941050684434358845e+04,-2.000407393290249092e+04
1.188548004800602794e+05,-7.090744863613088455e+03
2.224615079729415011e+05,-3.443263599571552913e+04
2.475138500991088513e+05,-4.289045116349640739e+04
3.715818707423803862e+05,-5.297123231553701044e+04
1.411590544619666844e+03,-1.027829338473304961e+04
8.585255615109873179e+04,-9.097792039463045512e+03
1.186679517993248883e+05,-1.892473621907782581e+04
-1.895425940074257232e+04,-1.276876638464469761e+04
8.333353027783952712e+04,-2.353084071732072334e+04
-4.492146336536509807e+03,-1.318635389750367540e+04
1.457764127429266227e+04,-1.367559723154572566e+04
1.266446896794975619e+05,-2.571184375162998549e+04
4.514123480324716184e+03,-1.103001645418795488e+04
1.243303929858520278e+05,-2.093267480566158338e+04
-4.310862674512063677e+03,-1.089240444147779090e+04
2.243571569098240434e+04,-6.024699483227332166e+03
4.344963621847899776e+04,-2.623472777791422050e+04
8.749673920297327277e+04,-2.167603020984309114e+04
-1.326994826823021322e+04,-1.046448874337492816e+04
4.930760403536441299e+04,-9.570034033419291518e+03
-2.554734094947432823e+04,-7.906769613063104771e+03
-3.508052962675498748e+03,-1.298371809460882469e+04
-2.122407544612419952e+04,-8.882743078148325367e+03
-1.088730298407476221e+04,-1.212142040854102015e+04
4.734122231824997289e+04,-1.864227098311630107e+04
-4.119628945355708129e+04,-4.481998499279668067e+03
-4.125268737911883363e+04,3.091680815241402343e+03
-4.573717379208597413e+04,-3.794335722600022109e+03
-8.510845756299485220e+04,1.941536695679490165e+01
-7.820013534346471715e+04,-9.639416530916142847e+02
-7.401199977914000920e+04,1.105354285816694983e+03
-5.569430636714664433e+04,-3.727140268929897957e+03
-7.059297923588332196e+04,-1.056992875054397928e+03
-7.227783832401139080e+04,-1.249647422633105407e+03
-8.081937275658162253e+04,-3.877848033512620418e+01
-8.514742657509306446e+04,1.456611292127106481e+02
-9.070758678326179506e+04,1.615160125159203233e+02
-8.734294179389116471e+04,7.947465676837713318e+02
-9.233162997609820741e+04,4.319953712107663364e+02
-8.321268500664047315e+04,9.999536159519253715e+02
-9.929739883601208567e+04,5.787664687369834837e+02
-8.569809126672307320e+04,1.109046872542010533e+03
-8.116612619537467253e+04,1.005109760793187888e+03
-5.890756021653665812e+04,-3.953362827681926774e+03
-5.021414752982799109e+04,-2.302727687147730194e+03
-5.536965772959071182e+04,-4.606019580481985031e+03
-3.314936362796750473e+04,-9.833958078651623509e+03
-3.508180585267144488e+04,-5.668174126980339679e+03
-5.972680538111118221e+04,-5.101208815432797564e+03
2.409678009514563309e+05,3.721517095575421263e+04
1.507484210435784771e+05,-3.346480185401846393e+04
1.303624030225805182e+05,-1.828413535143116678e+04
1.158188052880826144e+05,-1.896921911186629222e+04
6.608867908188846195e+04,-2.735200948589969630e+04
1.369788531638583518e+05,6.754487421035809348e+03
8.151533822043186774e+03,3.188069343313612080e+03
5.685238651923988946e+05,-9.373841126641214942e+04
7.722107574804397300e+05,-1.145683913692063797e+05
-2.475282765304633358e+04,4.359114927538418669e+03
9.283118903940253949e+04,-8.580381335085980027e+03
5.903139399468905758e+05,-8.516904940308078949e+04
1.295087929706834693e+05,-1.510075530239311593e+04
4.096355668430950027e+04,-1.511404780155404524e+03
1.213782759265476634e+05,2.359345393075500397e+04
1.421015672990749299e+05,-3.249679708796391424e+04
-7.086147448920325587e+03,-9.943419981370948335e+02
1.788515120673817819e+03,-2.864496694300782110e+03
1.418885942594114749e+05,-2.002300433428550605e+04
4.950003325357672293e+05,-5.384325220481825818e+04
-7.155285300003126031e+04,1.051236827215659559e+03
3.255258202352132648e+05,-1.914189158766824403e+04
1.200964155109703279e+05,-4.348022851679513406e+04
1.718627321245614148e+05,-2.935779129658109377e+04
8.420929097668717441e+04,-2.463370556449796277e+04
-4.750108114076481434e+04,2.343110554712947760e+03
4.540092342399857444e+04,-2.504971322048196089e+04
3.532592122772418224e+04,-1.269270318920112231e+03
-3.117515539324389465e+04,-2.011232065243542365e+03
1.499003258827498648e+05,-1.518484062701922085e+04
1.911146354725878336e+04,-1.570460903307869376e+04
-1.229380831635836512e+04,-4.176741391944261522e+03
3.726854683953867152e+03,-1.024373367703155964e+04
2.120400702031238325e+04,-1.893271075549663874e+04
-1.895316792546848228e+04,-1.216241524853099145e+04
-2.927378906911201557e+04,-7.788440220515151850e+03
-4.068797780710277584e+04,-4.075455392607454996e+02
-4.191759538038618484e+04,6.374541082387744382e+02
2.281223191933564885e+04,-2.739564483536826629e+03
-1.973177294139425794e+04,-3.957963002241475351e+03
-4.341758164080380811e+04,-2.411766363112476483e+03
-7.431092079078736424e+04,-3.737910201291442263e+03
-7.260298164857961820e+04,-4.680651679424902795e+03
-9.454792576282082882e+04,3.947146700031196360e+02
-7.868055668194522150e+04,1.477595329657310231e+03
-8.200809672865718312e+04,-9.211213851718130172e+02
-3.390938588392244128e+04,-1.019516616129832255e+04
-7.731007618117067614e+04,-8.206606278076167200e+02
-8.867146956649750064e+04,4.675254411645020809e+03
-6.698828734618237650e+04,-6.912253958864403103e+02
-8.627616932251754042e+04,-1.505338736036246416e+02
-9.340965661246779200e+04,1.523062395068390629e+02
-8.293513556052149215e+04,-1.354280057458716328e+03
-8.626430600880320708e+04,-4.088705887264588910e+02
-9.162836652315715037e+04,9.400463256343812191e+02
-8.991853322270345234e+04,1.085546100706589414e+03
-8.667747956321164384e+04,2.134762909812772705e+03
-9.278730909059011901e+04,4.699737047436286730e+02
-9.063390230214879557e+04,7.239135563657384864e+02
4.883366918377451366e+05,6.179316012496376643e+05
4.299035423847080674e+05,3.989161007684879587e+05
6.750155070488736965e+05,5.345187668094732799e+05
7.020428669778623153e+05,3.313528866082967143e+05
3.081511566360718571e+05,9.484559902147398680e+04
2.565466621913557756e+05,9.534051428227125143e+04
2.988109683842901723e+05,6.527236938750116678e+03
6.481212261738723610e+05,1.190746365407822850e+04
5.676766434895701241e+05,9.805765459867702157e+04
3.250266623220834299e+05,-3.735476113229187831e+03
9.736616923283623764e+05,-4.300218675192605588e+04
1.204925191584594082e+06,-1.332431035053243977e+05
4.387636050472916104e+05,2.550247939809696400e+05
3.805393460543124238e+05,-3.122455507642146767e+04
6.762329435186719056e+05,-7.797174293562847015e+04
4.116419745146841160e+05,6.362867083460121648e+04
4.088018926897171186e+05,-2.685732993468478890e+04
2.049817607004310412e+05,-1.741689451978739453e+04
6.928876188378053484e+05,-6.999126352566962305e+04
9.142377514064059360e+05,-1.584451018711373326e+05
8.824031202105976408e+05,-1.207693716231257422e+05
5.322131774968352402e+05,-8.375394945174027816e+04
8.783338373719651718e+05,-1.232365985561666166e+05
7.930212633171905763e+05,-3.299818357717677281e+04
1.890158202496162849e+05,8.169772992308621724e+03
1.269795441814994556e+05,9.280973450535295342e+03
1.682475167374296871e+05,-3.306399803426721337e+04
1.074579600358071621e+05,-1.017037008216066170e+04
2.888817397215049132e+05,-1.974131591201381161e+04
6.591374978959512373e+04,-1.014684452020190656e+04
2.269020189681276097e+05,-3.281031435665236495e+04
5.283466877728154650e+05,-5.331990843134532042e+04
6.981179631016199710e+04,-2.020932911294677979e+04
1.748497191110095009e+05,-2.297725311873796454e+04
1.637843044936565275e+05,-2.208686950340987460e+04
1.132872237345351750e+05,-3.079286721627094448e+04
7.152693755301136116e+04,-2.109174880385146753e+04
-1.406068397114934487e+04,-5.907972345815935114e+03
6.912593882563553052e+03,-1.695110499965582858e+04
1.466262706589327172e+04,-1.454282617786880655e+04
3.664273694450746916e+03,-9.930964569012048742e+03
6.255318583794251754e+04,-2.060554591195115790e+04
-6.207034710546104179e+02,-7.887897218845312636e+03
1.234728576810904924e+05,-9.859350087747643556e+03
1.349555129558499539e+04,-2.055765042668635579e+04
-1.467847828303575443e+04,-8.372689390180433975e+02
1.434720631014607716e+04,-9.691704121651904643e+03
1.765858395834423427e+05,-4.059090193054145493e+04
-4.965468938991800678e+04,2.495657271262783524e+03
-7.986275927161432628e+04,-1.065732850936618206e+03
-1.002075401918958669e+05,1.089316603653269340e+03
-9.470925011755208834e+04,1.238024071879103076e+03
-9.075441597346556955e+04,1.301553389388509686e+03
-1.036166743426596076e+05,1.019209762261073934e+03
-9.947786277708587295e+04,1.302963914222787480e+03
-1.010834397728577169e+05,1.180023900332994344e+03
-1.000648737920669373e+05,9.125483627879192454e+02
-1.036177322837630782e+05,1.000226298035031050e+03
-9.088935103399778018e+04,1.592639162884441248e+03
-1.037978031655080122e+05,1.063726953745286892e+03
-9.966275991707100184e+04,9.158389973233303181e+02
3.101106736483249115e+05,-2.657567129703524915e+04
2.589703912132152473e+05,-1.481296440916518804e+04
9.216647905587909918e+04,5.230124516092696285e+04
1.925128209828652325e+05,7.958315290113785886e+04
1.745433360219415626e+05,-4.026641731350433110e+04
1.950853940389853378e+05,-3.488382642487448902e+04
1.315275731004157569e+05,-2.786798499450591044e+04
2.144516955900789471e+05,-1.622049740918850512e+04
3.928463255501054809e+05,-4.222982876023362769e+04
2.955003690245161415e+05,-4.362824697393865790e+04
2.109355820151743246e+05,-4.387447450651726831e+04
2.506587559942783264e+05,-4.961947086721019878e+04
1.495194760011885373e+05,-3.456635280283495376e+04
7.687315662428787618e+04,-2.224318348338573560e+04
6.957811745511154004e+04,-2.706613824383464816e+04
1.124730933933744818e+05,-3.453783002946817578e+04
3.243424015072945622e+05,-7.211040083677777147e+04
1.966385395305577258e+05,-2.274682846188983967e+04
2.660348395777636324e+05,2.727835133769644381e+04
1.236337362274971383e+05,-2.217775205192849535e+04
2.421821146461370226e+05,-4.021685683680180227e+04
2.078776626721673238e+05,-4.659127681525789376e+04
1.993536117377877235e+05,-5.068260268008318963e+04
1.963506225883722364e+05,-6.036362382119970425e+04
1.290727089179363247e+05,-4.509491817757831450e+04
5.325826476768573048e+05,-2.806638503783610577e+04
3.082805088465141016e+05,-2.895538912148335385e+03
1.612899737937345053e+05,-9.082992170035106028e+03
5.221405400617273990e+05,-3.289076437077284208e+04
2.054632088316632144e+05,-4.302713106204461837e+03
2.309349651564674568e+05,-4.467706133826079895e+04
-2.112580283534787304e+04,-9.069129832452365008e+03
-3.294676473433991487e+04,-4.539402052031671701e+03
1.451701040354132128e+05,-2.596498010863577656e+04
2.711027060047380510e+05,1.891301108053781718e+04
2.333897766019966220e+05,-3.087007284414285459e+04
4.972865828468766267e+04,-8.120405230943166316e+03
8.855432696388414479e+04,-1.266956831693308595e+04
8.412272881618283282e+04,-2.175385047603644489e+04
-3.765208145723881898e+04,-2.457841394286368086e+03
2.374613382038170312e+04,-4.146450097179913428e+03
-5.953768121855955542e+04,-6.885573695315105397e+03
-3.071154497669947159e+04,-2.067983294813755037e+03
-5.763583696489767317e+04,-5.497884383405079461e+03
-6.275178077623569698e+04,-4.991828538629033574e+03
-8.651712722525130084e+04,3.189801743411250754e+03
-7.686643721866028500e+04,-3.962854997943948092e+02
-8.603696370345496689e+04,6.165610700650579474e+02
-8.618672065325269068e+04,3.381731389099084595e+02
-7.978406579672185762e+04,-6.992670184813168817e+02
-7.812459677223105973e+04,5.833446339655153679e+03
-9.255086444088413555e+04,-4.425743347790165672e+02
-6.429844977898125944e+04,-1.263140227415081654e+03
-3.823226236854113813e+04,-6.508810403780009892e+02
-9.892556790229292528e+04,7.016346445658348330e+02
3.472610462568603107e+05,9.675440923423166169e+03
5.991124833357226453e+04,5.507492900575695785e+03
4.185479112341862492e+04,3.958848256514871537e+03
5.494068210270561394e+04,1.074587661041941146e+03
-4.240514506341133529e+04,2.892103769825123891e+03
-5.756609679116161715e+04,1.032063688553241263e+03
-1.159545418975148823e+04,2.864410116121351166e+03
-4.168307059563519579e+04,-2.871935328462185680e+03
3.969492492015281186e+02,2.857709592708222772e+03
2.547754375422723024e+04,2.000596173206767617e+03
-2.912089095723495848e+04,2.601532132175753759e+03
-4.778903004608661286e+04,2.458691256946101930e+03
-2.108107748047253335e+04,-1.705307453668008293e+03
2.159444173633253959e+05,3.237085087242517602e+03
-3.537127272882399848e+04,-2.299057907788209377e+03
-4.401673680612965654e+03,5.548422406870618943e+03
-4.014247110639339371e+04,2.533740433039722120e+03
-7.314834896926975489e+03,1.373222960516667399e+03
-5.467020241853022162e+04,1.521302362637778515e+03
-8.036581461008010956e+04,3.530573852958822954e+03
-9.127882014542017714e+04,2.415591860446655517e+02
-8.586483166003221413e+04,-1.191246401343550588e+03
-8.325560007825304638e+04,1.900001691576854682e+03
-9.667326152129203547e+04,9.542837641814695644e+02
-8.986484738272735558e+04,2.419581330670958778e+03
-8.705831088666230789e+04,1.579360739250585539e+03
-9.664683163221755240e+04,9.846846743867394025e+02
-9.444818656071544683e+04,8.018347283485890102e+02
-1.035350588217513723e+05,1.100948878408673181e+03
5.731216557046262315e+05,1.656872862796471600e+04
1.773080011987854668e+05,7.536747115149549245e+03
-3.270554226249864951e+04,2.358185799061196576e+03
-2.732621077048259031e+04,-3.467457282573926932e+03
-5.274208468286062271e+04,-7.855592617725105811e+02
-3.703453406936477404e+04,2.891811597022594015e+03
-2.801373690499535587e+04,-5.491744060734142749e+02
-5.430940675103446119e+04,6.772948767721969716e+02
-1.807457267871814111e+04,2.297751508333067704e+03
4.007197397086703859e+04,-2.584468920235752648e+03
-1.000937252802392613e+05,3.269418421365566587e+02
-7.093153787950190599e+04,-3.633929447426138495e+02
-6.463107557371591975e+04,-3.209580665073945966e+03
-6.326689902922024339e+04,-9.458998172869281689e+02
-8.371080647040283657e+04,2.299861120195266437e+02
6.438237445569892880e+05,1.911565785088990378e+04
-1.005977669890137804e+04,5.513445509991885046e+03
6.637715255044019432e+04,1.444592515803345805e+03
-5.632175919800199335e+04,3.465065255456277555e+03
-7.792255515744457080e+04,2.747035660430577991e+03
7.917468619360281991e+03,4.601865483741289040e+02
-6.774130384485666582e+04,1.715036944677542124e+03
-5.228162807847065415e+04,-1.982746255167375693e+03
6.523934530089207692e+04,-5.551859169098082930e+03
-3.070563630383913187e+04,-2.903247412163354056e+03
-9.456171306395872671e+04,9.685294621114550182e+02
-2.465344051590838717e+04,-3.370629992625699288e+03
-5.179181114584738680e+04,-6.544062484502768712e+03
-6.648445345963809814e+04,-5.039462105793780211e+03
-6.924323870944218652e+04,1.720132285820670177e+03
-8.273211212326571695e+04,2.885258154918848561e+01
-7.688683355479706370e+04,-7.863634268724287040e+02
-8.848558458958461415e+04,1.939058426909068885e+03
-7.301220739312945807e+04,2.487783835839601124e+03
3.319100021136355354e+05,2.387175628060314557e+04
3.110542818262741093e+03,1.892022297724443206e+03
-5.404553676671383437e+04,2.558807627848307675e+03
-4.933566594838869787e+04,9.392668182622528548e+02
-6.510394170164550451e+04,3.361962456641220456e+02
-7.177867907832661558e+02,-2.034395621094731723e+03
-5.769324047348300519e+04,1.984988911646886436e+02
3.235880409824791059e+04,3.470980571758987935e+03
3.325688242206421273e+04,-7.515205272916487047e+03
-7.358488754227569734e+04,-1.268516112125001200e+03
-9.949243507552047959e+04,1.052277283924453741e+03
-8.756922822929899849e+04,-5.765100046743116309e+02
-7.012872367393311288e+04,-1.473203846966257970e+03
-8.762096816634574498e+04,1.038699155842916753e+03
-8.677972651222306013e+04,1.162442688967635604e+03
-9.031092714718205389e+04,1.678798484468527477e+03
-7.932891305703474791e+04,9.157150589741751219e+02
2.285398089810583042e+05,2.421505914950033912e+04
-2.411162374003699733e+04,1.381942851269296170e+03
-5.120293201309549477e+04,5.747316093238796384e+02
-4.807784219881703029e+04,-6.927159696348742273e+02
-6.041172302388482058e+04,5.274490470263874613e+02
-5.150677683121657901e+04,2.773013656091013218e+03
5.215091961770491253e+03,-5.361059216955673946e+03
-3.035248386406547797e+04,1.764697306517074139e+03
2.105921071331527401e+03,-1.231698494914003459e+04
3.800849380645493966e+03,-2.468274599504669823e+03
-6.137171420554055658e+04,8.968922205684391429e+02
-5.214508615290617308e+04,9.288752466773128447e+01
-5.432109076787417871e+04,9.757625146481249203e+02
-7.828316170406452147e+04,2.511021528405016738e+02
-1.019549487119944097e+05,1.412334536951607788e+03
-8.058679722166528518e+04,2.690049064816931150e+03
-9.028569729991305212e+04,8.719873895330028972e+02
-7.912018628183442343e+04,5.763011683953518514e+02
-7.359212968828259909e+04,4.153806520374814681e+03
-1.013187478202268103e+05,8.097537784204921536e+02
-9.749577011659521668e+04,4.173908237614410837e+02
-8.994164416968033765e+04,1.437897398820208082e+03
-9.546746949507234967e+04,1.360031982101875201e+03
-9.937666441709830542e+04,1.180383933892793948e+03
-6.475802317060884525e+04,-7.883551920813410163e+01
-1.027753963407303818e+05,1.184132141447190179e+03
-1.030528255436869658e+05,1.102411899822695432e+03
5.071734482100335881e+05,1.588997921803863210e+04
2.893208748759411974e+05,1.347104350120150411e+04
1.505129987515908142e+05,7.076029836869311112e+03
-2.057136036738042458e+04,2.622663002278687145e+03
6.472785541218442086e+04,7.299848082907149546e+03
-1.972317920829019567e+04,5.848365314563586253e+03
-2.286128048605845834e+04,6.234624680745491787e+02
-3.557263250645741937e+04,4.307067993775752939e+02
7.539873957119793886e+03,1.804975264955108059e+03
-5.071336421141295432e+04,2.167151103879331913e+03
-3.226993415594978069e+04,1.525615342788845737e+03
-5.660608209347316733e+04,2.557782187635119044e+03
-6.655118837792296836e+04,2.320858951708734367e+03
-1.631775311316883199e+04,1.970746217197657586e+02
1.328896774476343808e+03,-5.374374408886704941e+02
5.321499638050824433e+04,1.005639901199812812e+03
-9.596241417687415378e+03,-1.849438658973396514e+03
-5.709182084977914201e+04,-2.700791566475301693e+02
4.175360216794122971e+04,-5.313101071656892600e+03
-9.573201748224619951e+04,1.554780743001241262e+03
-9.643665013556391932e+04,8.167383316284763168e+02
-9.850140764091079473e+04,1.154957253095966053e+03
-1.024802314623440761e+05,9.915830947473816650e+02
-1.028898934223266406e+05,9.983525669029151004e+02
-8.626675627007316507e+04,5.070487106172994629e+01
-7.339517568336171098e+04,1.919785448793008982e+03
-8.191584056876866089e+04,-2.060211925037970389e+02
-9.228041971138396184e+04,8.529522073551855783e+02
-9.734510532941062411e+04,6.802864641694504826e+02
-9.391687069522298407e+04,7.393839384101357837e+02
-7.073887850767211057e+04,1.099137098463117582e+03
-7.918825654421791842e+04,2.405261308203470435e+03
-9.322905546299146954e+04,-9.905454397319135751e+01
-7.228741479700074706e+04,3.266121110387374529e+02
-6.333469839801465423e+04,4.602233008233844771e+02
-8.882416813199658645e+04,9.184437230293870016e+02
-8.223112122953282960e+04,-2.990838513441319719e+02
-9.680645218974028830e+04,3.909786192793766872e+02
-9.025643812687872560e+04,9.130642402751735744e+02
-8.331511160636821296e+04,5.376693700114960848e+02
-8.458870546179257508e+04,-5.593118429542091263e+01
-9.541897134004491090e+04,1.561522542531691215e+03
-9.282769953438355878e+04,1.576891537996950774e+03
-1.031945106514194485e+05,1.150004495066673826e+03
-1.023937221185643284e+05,1.100849119933392103e+03
-9.793919853869803774e+04,7.256065816623339515e+02
-1.031058856670148525e+05,1.105810653240839883e+03
-1.014975362228375307e+05,1.273669392083588491e+03
-1.013289067139383551e+05,9.217519454650062016e+02
-9.435111327139456989e+04,4.146831078231290917e+02
-9.420144742788450094e+04,3.262756730122891895e+02
-1.022800465004912694e+05,1.217409231111828831e+03
-9.579796117386054539e+04,1.379503840777028472e+03
-9.648539998463554366e+04,1.387496713833804733e+03
-9.951401947688749351e+04,7.977534220946989763e+02
-1.025614867683340708e+05,1.151235042105856110e+03
-9.774938944097855710e+04,1.105674425653816570e+03
-8.321681162565651175e+04,2.584811266183972293e+03
-9.969336285270880035e+04,9.659347786037693595e+02
-1.012459012005506665e+05,9.415439386187497348e+02
-9.203506402065626753e+04,-3.490758012513840640e+02
-9.717594689986844605e+04,5.095268962885813266e+02
-9.665548909825629380e+04,4.960750520168609228e+02
-8.857925931351982581e+04,4.449295695381177325e+02
-8.987924848437320907e+04,-7.729800276488075497e+02
-8.949564768210220791e+04,1.076134830779896447e+03
-9.881039358440341312e+04,1.491874201974301513e+03
-7.872990091876503720e+04,2.108870624464089815e+03
-8.806688467660780589e+04,-3.690896443370666589e+02
-9.341316201563995855e+04,-3.175058334729765193e+02
-8.332432601243375393e+04,6.268027687999912132e+02
-9.664147105290100444e+04,8.819548720822621135e+02
-9.822185495129274204e+04,9.741103936868101982e+02
-9.001189234109250538e+04,8.239316884683586295e+02
-9.966841376932131243e+04,8.844700728686970024e+02
-8.702842489935435879e+04,-6.260528143232719458e+02
-1.007328820494473621e+05,1.144948489696380193e+03
5.563884613443417475e+05,1.301245088924872653e+04
1.534549041018456628e+05,4.924992464187310361e+03
4.413240132841566810e+04,5.383726275431345130e+03
6.399122393958186876e+04,-1.072354938736185977e+04
3.932708438620339439e+04,-1.554672336189025543e+02
2.318966476063459049e+04,2.638643318212742088e+03
-6.861463294657145161e+04,9.635849871750318698e+02
-4.163542998741958581e+04,-1.022393489140034433e+02
-4.372894590821276324e+03,-6.663148211055671709e+03
-2.063464557287270509e+04,9.388235386869995409e+02
-1.784255888355948991e+04,4.690189871410678393e+02
-1.133503395143130547e+04,-1.451738589593279812e+03
1.147358845581992646e+05,-1.250035396699082594e+04
4.349353289365622913e+04,-7.678099355860736068e+03
-6.019603403810336022e+04,-2.190816130452308244e+03
-2.902510130882903832e+04,-8.260523396996792144e+03
-6.223165882203812362e+04,1.941441260205630897e+03
-5.056903367453797546e+04,-8.775077592868804004e+02
-3.387451527990824252e+04,3.029499676413461202e+03
-4.659887901724888798e+04,2.946575902177054559e+03
-4.745491901595106174e+04,-3.067546424311217379e+03
-6.683844877098243160e+04,2.815775559491794979e+02
-6.949494905195792671e+04,-4.286411363562913834e+02
-5.726110422622156329e+04,-2.012580357491629456e+03
-6.164273563361796550e+04,-1.756454211004468107e+03
-9.153642236741827219e+04,9.913828305080559176e+02
-7.432291254885392846e+04,-1.143975150436439662e+03
-8.936584439719782677e+04,-2.746257035851450041e+02
-7.972904608987143729e+04,1.382240159077833596e+03
-6.674874417938750412e+04,1.417819380648459401e+03
-6.919532973232277436e+04,-2.148279532814580307e+03
-6.756629034999600844e+04,-2.159691533185026856e+03
-7.756864193937533128e+04,-2.179438376132600752e+03
-9.110238471681941883e+04,6.177416551431103926e+02
-9.589582174328721885e+04,4.962860456884399127e+02
-8.838773865957166709e+04,4.927732487371928727e+01
-9.741085663750197273e+04,8.481412943915296410e+02
-8.614158035744658264e+04,2.554998795696971854e+02
-8.915487859842066246e+04,1.574920637702199201e+03
-1.001599390355381620e+05,1.257261634824095154e+03
-7.630649849307777185e+04,-1.299532290247636638e+03
-1.012271868812212488e+05,1.340428182674992968e+03
3.185874570634568227e+05,2.606638870453954587e+04
2.308785269170764077e+05,-2.687385096643147790e+03
2.832930920751687954e+05,-1.562482457832844375e+03
2.284494257731257530e+05,1.642853771926724221e+04
-4.073015817105785391e+04,3.758745953304609429e+03
6.943164024422838702e+04,-3.292829105826283921e+03
9.699145499107116484e+04,-7.661505813020737151e+03
5.544346215790570568e+03,2.776844433048958649e+02
4.995952670647027844e+04,-2.906080084396170605e+03
2.949673295894195326e+05,-1.992655511640604573e+03
1.622463934172921290e+05,1.445934869972683600e+03
1.145583386080912460e+05,-7.698762303226270888e+03
7.932163658426870825e+04,6.486734040892588382e+02
1.099760592409374076e+05,-1.070100817527747495e+04
3.366897768230066140e+04,-3.513163428789138834e+03
2.762744125218401678e+04,-2.511679951048038674e+03
-6.362810120140753861e+04,3.043268567877336864e+03
-1.802741629713333532e+04,5.902933602648543001e+02
-6.421988842077461413e+03,4.046361747375859522e+03
-5.104152285229115660e+04,7.566092126830601501e+02
-5.047412330894098704e+04,-2.999452233475894900e+02
-3.140470459766604836e+04,-9.317024710849012763e+02
-2.807336377574966900e+04,-5.616145416731473006e+02
-2.459082885420984167e+04,3.804993492024701482e+03
-8.183717072129889857e+04,1.625600294680544948e+03
-9.202901319115617662e+04,7.814061657977617870e+02
-8.951486728029415826e+04,1.089718096738418808e+03
-9.234688871053041657e+04,1.131736328192174597e+03
-8.908008380915522866e+04,1.791584298903798526e+03
-4.833975452482062974e+04,-4.990456055845708761e+03
-5.384277038365863700e+04,9.761449330228874999e+01
-4.153746496038989426e+04,-1.444598562306350004e+03
-7.060209379945657565e+04,2.000806418541713583e+03
-5.700677835153675551e+04,1.206596089480145338e+03
-9.147454689940622484e+04,1.520421337369450384e+03
-7.367151233925626730e+04,1.079567178445939135e+03
1.558232192425167887e+05,6.721498300824457147e+03
3.946802988899240881e+04,3.337733648828825972e+04
1.447088935478319472e+05,-1.552986399270944275e+04
1.243850289488670387e+05,-1.211171742986497065e+03
1.735040993663042609e+05,7.462230826715988223e+04
1.765462209228508873e+05,1.900795461204258609e+05
7.011775300061091548e+04,8.003173532926730331e+03
5.932112401944274461e+04,-3.034955135332737882e+03
1.275484831792658224e+04,1.744417751940992093e+04
2.255399034315779863e+05,-2.535207307512083571e+04
1.442896927464390174e+05,1.409223300038964589e+04
1.182053037320125586e+05,-3.871238227137641843e+02
1.393002125378622732e+05,-2.709925048879837414e+04
2.168317136596480559e+05,-5.111626311136437289e+04
1.314750720595271559e+05,-2.420804375560045446e+04
1.325910130923735851e+05,-1.919577233565071947e+04
4.808902183324374491e+05,-1.274044005631442269e+04
4.623377571792185772e+05,-3.166214336136642669e+04
4.546440114863274503e+05,-4.437380985247060744e+04
9.450606058576575015e+04,-1.104951998736720816e+04
8.043718513806414558e+04,-3.961804346411702682e+03
3.506001267898031510e+05,-3.451568311655176512e+04
1.762128492937659612e+05,-7.765084943471077167e+03
-4.734160663672149894e+03,-2.956977038140508284e+03
8.698742914416239728e+03,-5.551025863079813689e+02
1.418803136899771052e+05,1.546180637094396116e+04
5.784097314083445817e+05,1.028441451683558444e+04
1.764934865281267848e+05,-4.325546681955269378e+03
6.400030751547261752e+04,-1.022245106194443792e+03
2.187856030174823900e+04,-3.100521482437951818e+03
1.101736293311077861e+04,-2.970657661332889802e+03
-1.868357730050862665e+04,-1.242491926000348315e+02
4.200335669608970784e+04,-1.254832027376884980e+04
1.430687052550504741e+05,1.611465938738876139e+04
1.054055887746153603e+05,-7.384407105148189657e+03
-2.646664992984219134e+04,6.908283331156226268e+02
6.465553804233657866e+04,-2.066644965812121882e+03
2.800927461766636407e+04,-3.451647629340874573e+03
1.612940813560527931e+04,-1.590343621993014676e+04
-4.150941799320395148e+03,-1.041786731872183373e+04
1.190780913698360564e+04,-1.379078739062987734e+04
-3.800454688063384674e+04,-3.505536668367113180e+03
-3.618760426365726744e+04,-7.965729931462791683e+03
3.932341090522429567e+02,-6.515328340099728848e+03
2.452301097199297874e+04,-5.368739232082031776e+03
2.873959342551735858e+02,4.410471213811468260e+03
-1.140686966614053563e+04,-1.018563464354198368e+04
-3.510211379309419954e+03,-3.707325839094995445e+03
1.658233955337325824e+04,-9.164901326200624680e+03
-3.874683265501821734e+04,-2.618545942272194225e+03
-8.839459311320168126e+03,1.841713570351082012e+02
2.040928260960498301e+04,-1.387994312343428646e+04
-4.500930970130628702e+04,-7.666791743586027224e+03
-2.079692459271955158e+04,7.650342090665155865e+02
-8.016614240459512803e+04,2.349459044820820054e+03
-6.281800171289574791e+04,7.999358962234796309e+03
-5.613287658380153152e+04,-4.830532403475805040e+03
-6.216685689738428482e+04,-5.613476305614292869e+03
-5.059722609432444006e+04,-4.737595656921102091e+03
-9.116175363943244156e+04,8.046325240672998916e+03
-6.769825365000480087e+04,-3.489148491469991768e+03
-3.276807368713717733e+04,-8.155950625974677678e+03
-7.226362756984577572e+04,6.625060267302930015e+02
-6.605023823124919727e+04,-1.280918382697046809e+03
-4.195769604382052057e+04,-5.050024328056361810e+03
-6.940472091687974171e+04,-2.272091358612922249e+03
-7.068008612210187130e+04,-1.009272263748348678e+03
-8.637309063245863945e+04,-9.437771251824118508e+02
-4.457514454515268153e+04,-1.130027483263253600e+02
-9.487323912939293950e+04,1.690135235384104590e+03
-9.811075355606598896e+04,1.527245231819883884e+03
-1.019347237275099615e+05,1.288357267711131726e+03
3.488996203152810922e+05,5.485179258843792923e+03
3.837457055713491281e+05,1.398999138993225642e+03
1.015085060584343009e+05,2.697221423331964615e+03
1.560547901599423494e+05,-3.765954895638265953e+03
1.081650935929834668e+05,-9.641473995719759841e+03
1.984117561677785998e+05,-1.437175393422575689e+04
1.550182570577859224e+04,-8.153082843240162219e+03
-7.151887905000185128e+04,3.197823273282252103e+03
-2.414779126217034718e+04,1.687824907691816065e+02
-6.902389343655137054e+04,3.010922809109544232e+03
-7.220543670378444949e+04,3.126719682558797558e+03
-3.010458835164993070e+04,3.056503765690851651e+03
-1.938883660643458279e+04,9.230509826897671246e+02
5.178860542608596006e+04,5.392238422686796184e+03
-9.402013200678763678e+04,9.304135764578865064e+01
-6.730969004398855031e+04,-3.865468771184443540e+03
-4.565962724649973097e+04,-4.150006594043855330e+03
-9.045320135820555151e+04,-5.815596235452875362e+02
-8.261621983597181679e+04,2.294362948122671639e+02
-7.861892986532210489e+04,2.826624431589390952e+03
-7.081381386911642039e+04,-1.934422091680341737e+03
-8.792544215545126644e+04,1.283211736272932967e+03
-8.058906151812002645e+04,4.663286947432788452e+02
-9.167290529461964616e+04,-2.973058640435721145e+02
-8.903159692421396903e+04,1.166607131462308416e+03
-8.098808772080104973e+04,1.940485315970147894e+03
-7.498858637850602099e+04,1.761022555518382205e+03
-8.957107302958956279e+04,1.239708988475081924e+03
-8.646455747140065068e+04,3.164630720437520850e+01
4.020298332126128371e+05,-3.328307164434632432e+04
7.130701614341679669e+04,-1.073158549600164633e+03
8.913526393660187023e+04,1.237482243469663672e+02
1.881350355547336585e+04,-6.664341833586521716e+03
1.010733423041577771e+05,-4.564198581245817877e+03
7.030180240447756660e+03,-1.036682541311051500e+04
-3.684514896307939125e+03,5.503489794720931627e+01
4.063173404726555600e+04,-5.859260943210174446e+02
-2.763070857683091162e+04,-2.153429312992640916e+03
-1.850261190358904423e+04,-1.246755192025119868e+03
-2.316476118050913283e+04,-2.719348518849465108e+02
7.244702472616621526e+04,-5.338480567952193269e+03
-4.384171759320233832e+04,-1.865388892918744659e+03
-6.912932658008194994e+04,-2.186498830271395661e+02
-8.171934697450716340e+04,3.076285724251048578e+03
-7.299052698476423393e+04,3.800567545750834029e+02
-9.255364331289337133e+04,7.195921149275623065e+02
-9.267112779389326170e+04,6.659413413682765395e+02
-9.138718623460650269e+04,1.858944856133052099e+03
9.097725960173184285e+04,5.158898200914838526e+03
3.682126746872018703e+04,1.212140726868849379e+04
1.623685237324221234e+05,1.108582438268558235e+03
9.478015400488486921e+04,4.211686304423236288e+04
-2.910890921425382840e+04,1.420100872629271726e+04
6.019840128977428685e+04,4.702401567176002573e+04
7.883923135710917995e+04,3.071480635063466980e+04
2.014727534953764407e+05,-1.698181539872507710e+04
3.320274555159366573e+05,-1.481670822554574079e+04
9.819241779754906020e+04,-1.482283603131572454e+04
1.152818692693446646e+05,-2.687843573218971505e+04
2.505519714515252053e+04,6.693381612723593207e+03
3.604343800795236893e+04,2.537101995651229117e+03
-4.683656675449642353e+04,3.558936956780605669e+03
1.768621906989529671e+05,-2.194366052163443601e+04
-7.130918573296084651e+04,3.568748443155608584e+03
3.310496864773075504e+04,-1.023246268842747304e+04
1.205411642177483554e+04,-1.132790217637393289e+04
-2.630956934283266673e+04,-8.741207914027161678e+03
1.571917633377915445e+04,-6.151076396726912208e+03
4.710042169248948994e+03,-9.956971984140312998e+03
1.220608434335414131e+03,-2.538550195407772208e+03
-1.125654434250487975e+04,3.037796740548556045e+03
-4.785135989966359921e+04,2.611760768625578294e+03
-8.707065148268926350e+03,-1.700573044819154893e+04
-8.139674531082813337e+04,-2.057209470033321281e+02
-7.081103100583102787e+04,1.074652391630203056e+04
-9.142184755585293169e+04,3.259818890074656679e+02
-8.885368032587239577e+04,9.469366585552411379e+02
-1.017133721355722955e+05,9.358033423243907691e+02
-9.739356306083349045e+04,7.307674890380944817e+02
-5.438988839382471633e+04,-7.152652840038083013e+03
-9.959696300769469235e+04,7.551277127821266504e+02
-7.980334957298116933e+04,1.182128820675169663e+03
-1.003728693642694852e+05,1.170233888030685421e+03
-6.827180839718293282e+04,5.461773010474244074e+02
5.690378364069887903e+04,-3.206861898310421566e+03
1.522661766181001440e+04,1.426884639649633573e+04
5.935890488821556573e+03,8.063093543158413013e+03
8.530380227319565893e+04,6.435433058407378121e+04
3.247263610677777979e+04,2.924316334252094293e+03
7.854596775238610462e+03,3.822695696526551274e+03
3.899362686697276513e+04,3.862812296605556185e+04
1.535955256746306259e+04,2.399724311816366389e+04
5.088582915334194695e+04,1.203072325842942973e+03
1.677516287237240176e+05,-1.259290358274449682e+04
2.204856798373286438e+04,-7.762667613063646286e+02
1.031325266493553645e+05,-4.030172520518241527e+03
3.715661607632500090e+04,-4.816536519732236229e+03
1.426940993250051979e+05,-1.915108385815001748e+04
6.939495489279099274e+04,6.953741524563562962e+03
1.307442583182387025e+05,-1.275990615507253278e+04
9.325348721319533070e+04,-9.675886726533011824e+03
9.165418621754991182e+04,7.730024646141017001e+03
2.004301910100335372e+05,3.380295646581052279e+04
5.889838137199654011e+04,-1.440674783351809310e+04
1.051174749528699322e+05,9.304584144805226970e+03
2.000221003438993357e+05,-1.156727736904174708e+04
2.696902906791970017e+05,2.335630638810720702e+05
2.985493329517238308e+05,3.270819524340738426e+05
1.978718969590112974e+05,-1.392840489961306776e+04
4.788553729987919796e+05,-4.098735131202272896e+04
5.392123318810922501e+04,-7.938969691617655371e+03
4.501580199702039245e+05,-1.508302904301491799e+04
1.343949267653195420e+04,-5.306670053856900267e+03
4.184310489188188221e+05,-4.962800392845994065e+04
3.160035665049997988e+04,-7.364566538909469273e+03
1.266388593969537469e+05,-2.499039734083840472e+02
4.950372144592555705e+05,-5.294607697386552172e+04
3.130332301601847284e+05,-2.287910373534538667e+04
3.106872339432116132e+05,-1.019482611841957987e+04
5.621956818069304427e+04,1.771546102313466690e+03
7.563174020715471124e+04,-1.066627208146016346e+04
2.504402056739428954e+05,-2.504550263466512115e+04
6.001191020899607247e+04,-1.512418481964462262e+04
8.557416897633364715e+04,-7.184663688266086865e+03
9.779942130239267135e+04,5.299698602334674433e+02
1.621822100000494684e+05,-2.857183789419472669e+04
8.626755387317888380e+04,-1.852813206939034353e+04
1.054388317797125819e+04,-4.123326199410637855e+03
6.934672690649567812e+04,-1.351228899545484455e+04
1.097593907492216240e+05,9.695900347149126901e+03
3.622091293511702679e+04,9.244170625714825292e+03
-1.315189657746306148e+04,-2.629527033839733576e+03
-6.516213928640536324e+03,-7.433381226135753423e+03
7.053112826656282414e+05,1.705332214962926446e+04
-4.344461604425872792e+03,-6.911679632063370491e+02
-2.189269406605084441e+04,-7.831008474293927975e+03
7.043044354581240441e+03,-1.305040691254910598e+04
-1.831814789056714653e+04,-6.570244915079784732e+03
-2.377428356646831526e+04,-9.940383089856566585e+03
-6.277996453171406756e+04,-4.464250373566113012e+03
-7.388615638948073320e+04,-4.390816189436253808e+03
-8.622192568093311274e+04,4.411127399824464419e+02
-7.686573806798869919e+04,-1.172165577279046857e+02
-4.027143816031097958e+04,-8.184773297112207729e+03
-9.106576086220068100e+04,1.459620898577947855e+03
-7.850488052576950577e+04,-9.346724661386050457e+02
-8.385619460435332439e+04,-1.582517616598736822e+03
-7.740320018937562418e+04,9.090467021807086212e+02
-9.528102941274156910e+04,4.019100817058244957e+02
2.179284439156881417e+05,-1.514970789862254605e+04
1.014267973521179520e+05,-6.595153944957399290e+03
8.109124379201952252e+04,1.928611464392167545e+04
5.713195032316384459e+04,3.294856015159995422e+03
1.438160108400723257e+05,-1.898580248215392567e+04
2.058297583700840478e+05,-4.417621696737893944e+04
2.183648916938744078e+05,-4.178887254472783388e+04
1.953967757835431257e+05,1.186959907650762470e+05
2.749365911666483735e+05,-2.179217540409467620e+04
7.449172863429626450e+05,2.693498948733548787e+03
6.016247824510919163e+05,-1.528443176910026159e+04
3.335356199683192535e+05,-2.596046832710049785e+04
6.079944410422772635e+05,-6.421839757610166271e+04
-2.757737132689778446e+04,4.398545047125208839e+03
2.785588432327706687e+04,-1.772294026203539033e+04
1.921790754096595920e+05,-1.747914240644699021e+04
-5.539290380872454989e+04,1.096271175249772341e+03
3.269489527448083027e+04,5.375330792708138688e+03
2.935143214052084950e+05,-3.019136599787823434e+04
-2.602705058037131312e+04,-3.548568966070267265e+02
-3.608972916253934818e+04,2.583023042324221933e+03
2.154989016283341625e+05,-4.389067000291708973e+04
2.245043744557738682e+04,5.465541309323687358e+01
4.261024489336512488e+04,-1.639928514062312161e+03
1.191981063542256597e+05,-2.529322757329043088e+04
-2.652254323714415659e+04,2.347026175599731346e+02
6.944803017316208570e+04,-1.104258807609869291e+04
-2.847705131563038231e+04,1.216327416702490382e+03
-3.691897156433016062e+04,5.710664997996739203e+02
-6.185669016359018860e+04,2.768418933259016740e+03
1.384665189341385940e+03,1.390813286689093047e+03
-2.582739070027609341e+04,1.931439742081976647e+03
-5.197112961454810284e+04,2.583073404915809533e+03
-3.145683909299195511e+04,1.843244257425678825e+03
-4.013555893289052619e+04,1.300281078982434792e+03
-3.893840424619171245e+04,2.906496238699194691e+03
1.951597221993876155e+04,-2.838496984387247721e+03
-6.049026518242739985e+04,-6.743287031628813565e+03
-6.923385384893461014e+04,-6.498574327120424243e+01
-5.564563446025590383e+04,3.326251985440781596e+02
-5.440261811419777223e+04,-2.529794344346290927e+03
-8.389705580962238309e+04,3.289243332765991568e+02
-7.085655293961874850e+04,3.458602018691467038e+03
-8.556234244720423885e+04,4.918700540148674349e+02
-5.572748285751865478e+04,-4.205245827149980869e+03
-7.823212490685970988e+04,8.691762244044007275e+02
-7.337402731434183079e+04,2.266066549472848692e+03
-7.322230182583443820e+04,1.744501717290756687e+03
-7.887600567669492739e+04,1.788571269120436909e+03
4.568350975167858996e+05,-2.132396730196753197e+04
-4.136445081920288658e+02,-5.092049761935409151e+03
3.920673514011296356e+04,4.791835657848730079e+03
7.726648936213591696e+03,3.383773641544687052e+03
8.549056614307573182e+04,-9.571494064619222627e+03
-1.443854634861568957e+04,-5.176826331550293617e+03
-4.891716930426396721e+04,2.512159632218349088e+03
-5.734719118359104323e+04,4.054702416937700491e+02
6.096946054299406387e+04,-2.537907226731758783e+04
9.517611156157801133e+02,-1.530295027430480332e+04
-5.130907772605586797e+04,-3.485087132627467781e+03
-5.305236144863997470e+04,-1.965067433972588333e+03
-9.783380699907716189e+04,9.911890719952607469e+02
-7.700168496227124706e+04,-3.477247725888014884e+03
-7.117907115797292499e+04,-3.534206272663809159e+03
-6.518411904280661838e+04,-4.641966989774229660e+03
-9.254914852190784586e+04,-2.169262535507475320e+02
-9.054135984956842731e+04,1.035892579925263362e+03
-9.360136979911588423e+04,-3.691242994697070117e+02
-5.536072389804957493e+04,-1.090540599438411618e+03
-1.011556480722796987e+05,1.099276787481994688e+03
-1.009033739546342404e+05,1.116190248530615690e+03
-9.233753340893505083e+04,8.448486004328296985e+02
-9.545847791805959423e+04,4.551975002862102428e+02
-7.044991642859697458e+04,-3.528743798963005702e+03
-7.110818567552769673e+04,-1.605507044589352518e+03
-5.673410545234276651e+04,-5.072394199243766707e+03
-7.684467288967773493e+04,-1.128800698519904699e+03
-9.013824926720993244e+04,1.827372273923314879e+03
-7.482783464181699674e+04,-6.826989217747431837e+01
-9.337403551385043829e+04,9.198065332366105622e+02
-1.027707041222300904e+05,1.155593717621131191e+03
-1.015456756827831850e+05,1.307568431425188010e+03
-1.032070378500891675e+05,1.206792154596435694e+03
-9.750225500845082570e+04,1.430976252838800974e+03
-1.023766369706079713e+05,1.287974199411225300e+03
-1.030060705905505747e+05,1.150842542948933442e+03
-1.013344584859951283e+05,1.448025273774656171e+03
-1.007204288278570311e+05,1.297741507816850572e+03
4.883342466787609737e+05,1.481412885514263144e+04
-1.916654688141839870e+04,5.960080543633280286e+02
-5.705778269919606828e+03,-6.493353766688386713e+03
-5.675061282358563039e+04,4.937226379829222083e+02
-6.045370220213394350e+04,4.368193834804354992e+03
2.230436267306039736e+04,4.681911273525621255e+03
-5.168574362708786066e+04,5.281167852429884988e+03
-4.376673422005724206e+03,-3.423810252578875861e+03
-2.932208460955843111e+04,-8.941997727317140743e+03
-8.784554727398187970e+04,1.432335161830585321e+03
-7.547235933502808621e+04,1.417074712696074812e+03
-9.676413775981268554e+04,7.052340100087891415e+02
-9.724807322839133849e+04,1.889005853617586581e+03
-8.254830183177597064e+04,2.135117532834955909e+03
-9.248519512144790497e+04,5.184171951288394666e+02
-6.169182081820972962e+04,1.553607895558127211e+03
-9.228905473723004980e+04,1.829173449940069816e+02
-9.362991365443610994e+04,-1.196717761288332014e+02
-9.412204086326988181e+04,8.993525305350925692e+02
-9.090660946769604925e+04,9.343434200723959293e+02
-8.224587409868821851e+04,2.182569519476961887e+03
-8.791751321143767564e+04,1.018416961481037333e+03
-6.862315175568292034e+04,1.639300418061914797e+03
-8.170376290460456221e+04,-3.302863347304057129e+01
-9.673008622302608273e+04,1.331117232874538558e+03
-7.774257889455276018e+04,1.158386708270894133e+03
-9.929708820170140825e+04,8.866600671177981212e+02
-9.929546008493819681e+04,1.290749624862261271e+03
-1.033570319229394081e+05,1.115248912890647262e+03
-7.499302938253029424e+04,2.407379747499580844e+03
2.134114096598758188e+05,8.234591067411107360e+03
1.332960745844459743e+05,7.915325734270236353e+03
-1.992615846753806181e+04,7.077158550577008100e+03
-4.829774021958561934e+04,1.711582629900490929e+03
-8.553367892350038164e+04,2.262438506909764726e+02
-9.828486170922663587e+04,9.494762959726465397e+02
-9.187043372964976879e+04,1.452498543174797078e+03
-7.713038046154088806e+04,-1.084968586692855069e+03
-9.344299836247801431e+04,8.527947434591741285e+02
-7.952852160678908695e+04,-1.306967835007746999e+03
-7.520643761808266572e+04,1.354367774874606766e+03
-8.084498515882626816e+04,-2.608865765400829062e+01
-9.897043643015286943e+04,9.712920803884725274e+02
-7.801453008886898169e+04,-6.182465844394198484e+01
-8.718956299025622138e+04,-1.341862298053769109e+02
-8.703279910608222417e+04,-3.907710401730351890e+01
-9.556597729375939525e+04,1.495722843423575114e+03
-9.794446858827469987e+04,1.646343130904139343e+03
-9.907936367303620500e+04,9.407005454886591451e+02
2.069359522264985135e+05,8.651609957270329687e+03
-6.273468732527458087e+03,2.902991239798021979e+03
1.202068788875204918e+05,2.652853690556336801e+02
-2.475501312654171488e+04,3.307015974670589003e+03
-4.417130442587260768e+04,2.773061287970784178e+03
-3.890830751696138759e+04,1.497456450793187287e+03
-6.325157365996292356e+04,2.412098397654771361e+03
-3.946772104621582548e+04,1.019534956782479640e+03
-8.291999441862326057e+04,-4.951615096410592400e+02
-8.119710040659543301e+04,1.987374919325296560e+03
-9.534495809137646575e+04,1.480641343800951290e+03
-6.123883893374402396e+04,5.112828278413419412e+02
-9.762440458628992201e+04,1.739564711843407622e+03
-9.582992627640413411e+04,1.332616646698392969e+03
-8.535636783067326178e+04,1.811639774857195107e+03
-9.076671805742257857e+04,1.728857507155507164e+03
-9.335189304716570769e+04,1.562771257832567244e+03
-1.003247238303303020e+05,1.270222521238269110e+03
-9.911973574577725958e+04,1.308755793277826569e+03
-1.031112078401933104e+05,1.102732212756580793e+03
-7.916689244814125414e+04,2.250355884920105382e+03
6.292550145215092925e+05,-1.478575283134787423e+04
6.690736478883995733e+04,5.968009243450830581e+03
-4.142347294947238879e+03,-2.197737862643080575e+02
-1.966865957729134607e+04,1.173758896323650106e+03
-3.634897961710239906e+04,6.725871605705995080e+02
-3.626774095738217511e+03,-3.474679324951308899e+03
-4.625851717624899902e+04,5.806192786264784445e+03
-5.086555825953171006e+04,2.467843134736413958e+03
-4.327355336397341307e+04,3.513256788196971229e+03
-4.653801007671060506e+04,-7.358877998588120590e+02
-4.025448669125485321e+04,-3.860077860893416528e+03
-2.727491031139481493e+04,2.902371222508223582e+03
-5.627489960528202209e+04,2.260596117833789776e+03
-4.981762948473663710e+04,-1.248239367681495878e+03
-8.041434497539505537e+04,9.751579790154224838e+02
-8.625658166311243258e+04,-4.802985390572334268e+02
-8.701168950232525822e+04,1.108053371962975916e+03
-8.087060497143845714e+04,9.893295346644415531e+02
-1.027091619306379143e+05,1.024928346574303987e+03
-8.342506725449972146e+04,8.322553070294953841e+02
-8.596091305153224675e+04,1.897030594479647107e+03
-9.445212413099619152e+04,1.312359205776932185e+03
-1.018229438900837849e+05,9.854941570430188449e+02
-9.592894316884262662e+04,1.187632396200237963e+03
-8.061424109181032691e+04,4.082447952414029828e+02
-8.366770198424116825e+04,1.545491928497783647e+03
1.731025584419199440e+05,8.704172287565637089e+04
7.428614521833308390e+04,-1.468253340390988706e+04
1.253046494077357347e+05,1.232669782756168570e+04
1.918845863045450824e+05,-1.484619869122349655e+03
2.322999640973468195e+05,-3.952056825872969785e+04
1.173212751647303376e+05,-1.673109538154802794e+04
1.073207537267870794e+04,-1.100492541377125235e+04
9.092990630359899660e+04,-2.306556332420787294e+04
2.734898182855485356e+05,4.052820717273324590e+03
-5.922751285724418995e+04,1.735830036732875897e+03
5.575971466265082563e+04,4.741943166571276379e+03
1.234841174496644962e+05,2.902414435370000774e+03
6.160235381098717917e+05,-2.606803261627817392e+03
-3.490273857639038033e+04,4.738803545898404082e+03
-1.377806696895961068e+04,4.515884616268770515e+03
-4.023234162494602060e+04,3.902745929241806607e+03
-5.799937512637826148e+04,2.180023709067233540e+03
1.901700109586059989e+05,-9.164706760257211499e+03
6.647909608413362002e+04,-1.046821238312485184e+04
-5.458943606495044514e+04,2.338576801985943803e+03
-6.153104445718061470e+04,1.875448056150828734e+03
-2.218398155821566979e+04,3.065506249801044305e+03
-5.833929953434704657e+04,1.606231923086829056e+03
-6.915452514924608113e+04,-3.003627014761199007e+03
-8.275425023778354807e+04,1.758481610070603665e+03
-9.228980076239764458e+04,2.156684276893834067e+03
-7.186683616408999660e+04,2.959514263639182445e+03
-9.037294117163488409e+04,2.126439983584340098e+03
-7.663356823572913709e+04,1.714269109944325692e+03
-8.781898215944072581e+04,1.932856556690900561e+03
3.372358724632076919e+05,3.931773649788324292e+03
1.727235492429520818e+05,5.489029086000331517e+03
2.079186860623451939e+05,2.871223804889249095e+03
-1.884126688332668346e+04,3.927209093779908926e+03
7.770289288819888316e+04,-7.395211789736620176e+02
-1.809939993118778511e+04,6.369251515367442380e+02
1.214000355381964910e+05,2.804984512743806590e+03
-2.284490603123374240e+04,-4.614172471744569179e+02
-4.333095460700682452e+04,2.905259731070998896e+03
-4.860687356897940481e+04,3.152035752539828991e+03
-5.923209945548026735e+04,1.659790968065392690e+03
1.347280697933531192e+05,6.394253183174183505e+03
-4.278838435575419680e+03,-3.547281389082101555e+02
-7.359669084371745703e+04,3.272351392565007700e+03
-9.417754143221481354e+04,9.515017113342587436e+02
-9.889436210694116016e+04,1.327656165268881978e+03
-8.034476191993460816e+04,-3.117326384651732951e+02
-8.340523466298464336e+04,1.031966936202488341e+03
-9.831933707830357889e+04,1.221689177715923734e+03
3.314577837517590960e+05,2.355614407839281193e+04
-8.666128492037994874e+03,-3.211652961441441789e+02
-4.143248331861350744e+04,-3.811152939838206066e+02
1.537098668054183327e+04,1.764829893611473381e+03
-3.678516420869115973e+04,-4.899061015505926093e+02
-4.422955581175665429e+04,-7.317987881520044766e+02
-5.296321440141549101e+04,1.839799465896312768e+03
-5.471968080560199451e+04,5.177558342989916127e+03
-9.517092598463218019e+04,1.127489398409095429e+03
-1.013248405720614246e+05,1.265269113474633969e+03
-1.003335014394441096e+05,8.319578704120395969e+02
-6.554210370634273568e+04,-1.589406331435309767e+03
-9.467701168976179906e+04,1.444598690443257283e+03
-8.902899388694552181e+04,2.224914536910692277e+03
-9.645851761861219711e+04,1.454184037941917040e+03
-9.175176568758624489e+04,1.720153378954847085e+03
-8.730150700989678444e+04,2.029961898205928037e+03
-7.952778255917169736e+04,1.777746299009526183e+03
-7.241816724305892421e+04,-1.829205345959377382e+03
-5.614280336804534454e+04,-5.157117352025401487e+03
-8.170041595394966134e+04,9.684831817144882962e+02
-8.530346423534187488e+04,-4.240903954572939938e+02
-8.698790627798570495e+04,2.371467604597590253e+03
-8.161787495243274316e+04,-6.770225524235929981e+01
5.643471263798876898e+05,1.503409691412006396e+04
6.439075578153655806e+04,-4.297122077374928267e+03
-1.256317400550174170e+04,6.656336152284539821e+03
-4.972642274298404664e+04,2.334148588245036080e+03
-4.674139490254982775e+03,2.879290817947779942e+03
-2.208554220511943640e+04,3.180776605703455857e+02
-5.181776591579763044e+04,1.452456845632251543e+03
4.589584534507918647e+02,-1.374069471895601055e+03
-7.989023764246543578e+04,1.965451700849630924e+03
-7.850820031448331429e+04,1.970295411595591077e+03
-6.160420185386640514e+04,-1.707533748053169120e+03
-9.867355544790215208e+04,1.357188545866569484e+03
-7.511949393484230677e+04,6.962177026516775413e+02
-6.736546240606431093e+04,-9.814845424893356949e+02
-8.782561398190702312e+04,2.143132716431336121e+03
-6.798789543173440325e+04,2.174624444883537535e+02
-7.603300689758743101e+04,-7.847205618715123592e+02
7.145066647586058825e+05,8.886231872347030958e+02
1.612825300293519977e+05,7.452404025462791651e+03
3.105834141112298312e+04,6.321486252963936749e+03
-4.216188831547086011e+04,4.097282911483083808e+03
8.785551586273047724e+04,3.343969766855446323e+03
7.029873316070112924e+04,8.554395041046402071e+01
-2.793609859941890318e+04,4.640647275356807768e+03
-4.618636368725424109e+04,-7.638706377972411019e+02
3.948343258652197983e+04,3.800303929677271299e+03
-3.847555110709129804e+04,2.535536199388282512e+03
-4.847150066121953569e+04,1.085092793026058644e+03
-9.203632275560745620e+04,1.367304487175233589e+03
-8.842242381713124632e+04,2.486143533423703047e+03
-5.863796941134696681e+04,-1.638561250631505573e+03
-7.147487820606381865e+04,-1.253228048866229528e+03
-7.592888415198167786e+04,1.592262378862196329e+03
-8.629527649158527493e+04,2.474505622523946386e+03
-9.757354514215848758e+04,8.792681055851154497e+02
-8.605145114164135884e+04,1.429032218579136497e+03
-6.569007838095737679e+04,2.509235615826365574e+03
4.455961368439354701e+05,1.190388373302022956e+04
-7.931190260547958314e+04,2.729927898325785463e+03
-7.298936469857409247e+04,1.923813297782625796e+03
-2.424898648415948264e+04,3.607703276647119765e+03
-5.996237241262049793e+04,2.678750449257033210e+02
-6.446067453500204283e+04,2.555266967203142485e+03
-6.726006138906403794e+04,3.004249148427259570e+03
-7.894915679417175124e+04,1.869452078221877855e+03
-4.591598806339017028e+04,3.812187433791073090e+03
-5.403889839617217513e+04,-2.296601333883580537e+03
-5.944071563812136446e+04,1.118065315938194090e+03
-9.946101137014725828e+04,1.251665641371459060e+03
-9.857820183588363579e+04,1.204494217609043744e+03
-9.941734327182186826e+04,1.301471380452088169e+03
-9.952046965526402346e+04,1.100885474320435833e+03
-1.020348459928208322e+05,1.080857149360739641e+03
-1.024546504178412288e+05,1.198349637524426953e+03
-9.776455294050689554e+04,1.197786536503133220e+03
-9.771570854789583245e+04,1.216478490413308464e+03
-9.653018879690149333e+04,1.762124436764250731e+03
-9.730552058745666000e+04,1.327125566103299434e+03
-1.033873036652241135e+05,1.200516554649996351e+03
-6.623106534132476372e+04,-4.378170487715256627e+02
-9.362198421739933838e+04,2.070184313004399428e+03
-9.237553098801066517e+04,1.226510084445845223e+03
-8.330892423561996839e+04,1.645013890143573860e+02
-9.419750055879318097e+04,1.350096666953569184e+03
-9.753091662081496906e+04,1.671264635118381193e+03
-9.567192053735895024e+04,1.059678886999038241e+03
-9.447419821460044477e+04,9.117088812968925140e+02
-7.428605482769160881e+04,2.572975420285611108e+03
-9.510619113811955322e+04,1.278289079352721501e+03
-1.015805360928740993e+05,1.051748504085864397e+03
-8.527847237974473683e+04,7.515532562737472517e+02
5.875013291603812104e+04,1.136443346735359455e+03
2.934633653009614864e+04,5.988841207165474998e+02
9.242149347190220396e+02,1.047460491691603420e+04
2.224410736981464433e+05,4.804555593219998264e+04
2.151979807192286826e+05,-2.318525426244771006e+04
1.190303451974380914e+04,5.788662283777211996e+03
2.922877990096603753e+05,-9.679587047539624109e+03
3.442055941770168720e+05,-2.279326077001992235e+04
3.313781485572823440e+05,1.115688846665646997e+05
2.542268253002478450e+05,8.291685868770538946e+04
2.622546304002422839e+05,-3.531246322081937251e+04
1.750141857260212710e+05,-3.328833222006473807e+04
8.688183032933123468e+04,-1.823266227440987132e+04
2.095549986036278715e+05,-2.923393338722832050e+04
9.551300519246474141e+04,9.642544799973918998e+03
3.734822782801711583e+05,1.537870938903497745e+03
-1.220045735761534706e+04,2.907048818671950812e+03
1.045410039777620987e+05,2.292954743711449737e+03
-2.177369427403643931e+04,4.845129266413687219e+03
5.626893972539039169e+03,-1.596213664191527187e+03
5.956025839492200248e+03,4.106755703749392524e+03
-2.958549663669435176e+04,-7.717040305241761189e+02
-4.426748647686148615e+04,2.543468577245439974e+03
2.218972126808369012e+03,-4.684825321256517782e+03
-6.144372276118608715e+04,1.837325036160549871e+03
-3.832279037098437402e+04,-2.908380202624321100e+03
-2.004740245979643441e+04,-8.606396558844522588e+03
4.270072821208371897e+04,-1.467226791774709091e+04
4.910261560692448984e+04,-2.003068631676128643e+04
3.601836858769301034e+04,-1.313225663196362257e+04
3.427532101744153624e+04,-1.456187265607888367e+04
1.775029302806879969e+03,-6.078024082309660116e+03
-1.636425847484384394e+04,-4.557555867920500532e+03
-2.483826118187209795e+04,-8.534644578314037062e+03
-5.605935254039162101e+04,-5.417272547472944098e+02
-5.402286663307156414e+04,4.799199661169717729e+03
-3.924290380390725477e+04,-6.985923303091637990e+02
-1.249545688355972743e+04,5.173231278725797893e+03
-4.330220759753463062e+04,-2.080458164049489824e+03
3.713954606400806369e+04,-1.638847923242784600e+04
-3.276332929824020175e+04,-8.394864301742527459e+03
-4.697637617184226110e+04,-4.514902819501397062e+03
-5.888167350350742345e+04,-4.104708769754678542e+03
-4.041594169222842174e+04,-5.489447197829982542e+03
-6.599325548478326527e+04,-2.635211970356816437e+03
-6.444293399661355215e+04,1.300242742939331492e+03
-9.007427196954896499e+04,2.165480911010239652e+03
-4.045628216587893257e+04,-3.051075493628596632e+03
-8.088540621886379085e+04,-4.184337215190594605e+01
-6.112268574420491495e+04,-3.438647811706096945e+03
-5.889845255143391842e+04,-4.915844137273043088e+03
-7.534880125419412798e+04,-7.256343668888512184e+02
-9.100287095859681722e+04,6.784188560533794998e+02
-7.755735692750304588e+04,7.210805856350588101e+02
-8.390365153824139270e+04,-9.298211310184653939e+02
-6.208287129360483959e+04,-3.707895273510746392e+03
-1.003394475988907507e+05,1.137775935384781860e+03
-8.149946430061962747e+04,-7.816268965761959180e+02
-8.351296134677909140e+04,-1.320407099780162753e+03
-7.376446359742384811e+04,-7.367570253847757158e+02
-8.616949745015539520e+04,8.224914120246872926e+02
-8.784037559172260808e+04,3.520919386715658561e+02
-9.015054487822856754e+04,-1.477324818400682318e+02
-7.585324292718902871e+04,8.379793011309952817e+02
-9.592895993739001278e+04,5.791463712542413305e+02
-9.942775078591126658e+04,6.135373843893298726e+02
-6.732274972396827070e+04,-1.122812872724031422e+03
-4.458558469637249800e+04,4.013159153798291754e+03
-7.101190279695161735e+04,5.764275528016755743e+02
-9.397171970748748572e+04,5.049243752110510854e+02
-9.230489593401872844e+04,6.603675591888144254e+02
-7.455689492602455721e+04,1.967841244533340017e+01
2.818383228765995009e+05,1.513338894340329898e+04
9.354288823571373359e+04,1.994108918013355378e+02
7.127622749387921431e+03,3.748917672348730775e+03
-7.087867255992563150e+04,8.512814371030077609e+02
-1.275719971058254123e+04,3.432262270680524580e+03
-2.532886723262937812e+04,4.195939886780258803e+02
-5.592290693091045250e+04,1.270902785084925199e+03
-3.747486678099015990e+04,-4.175033523451153997e+03
-5.931398391245784296e+04,5.684298213722312312e+02
-5.424646428731259948e+04,-1.003309672954518874e+03
-7.807589082206883177e+04,1.119863641889054406e+03
-7.637424908158772450e+04,3.911465401994943818e+02
-8.995755281531346554e+04,6.158778767310806188e+02
-6.437968302616455185e+04,-4.696259742639171577e+02
-9.336503843608357420e+04,1.954438820108726532e+03
-7.159124791331466986e+04,9.667570356140574859e+02
-9.225205491798225557e+04,1.556252421921404220e+03
-8.950294283342386188e+04,6.832543582032136555e+02
-6.502636542898812331e+04,2.896535066375034830e+02
-8.900135938241626718e+04,9.670815825176787257e+02
6.077942018932992360e+05,1.554322494692960572e+04
3.117829739948398783e+05,9.237569098887068321e+03
-2.689243570177608854e+04,5.232074814675618654e+03
1.207955406696444988e+05,4.841027813412603791e+03
3.520957007409485959e+04,-3.200737532411532356e+03
-4.852605271562255803e+04,3.253638351154617794e+03
-6.401410272552929382e+04,2.390936226288999933e+03
-4.796936078597708547e+04,4.346153209710247211e+03
-5.742410912571822701e+04,2.846691379672418861e+03
-3.853607532309732778e+04,4.401957651709391030e+03
-5.426643560858356796e+04,2.867809028103778473e+03
-3.088056447771866078e+04,6.883786223512133802e+02
-2.596146566230790268e+04,1.509692030282706355e+03
-4.361324270179697487e+04,-7.055709685961651303e+03
-5.799493265904806321e+04,-9.430374428409264738e+02
-9.063760226701914507e+04,5.932680939791241599e+02
-8.174690124193533848e+04,3.968415172782259788e+02
-8.124467315787055122e+04,-1.390608933290128277e+02
-9.951887337634833239e+04,1.395412262488154511e+03
-8.343059332929986704e+04,1.926524640792997047e+02
-6.820743329677195288e+04,3.299471930252972015e+03
1.061803758152988739e+06,5.052192996480865986e+03
1.049101815178420511e+05,5.000131618746927415e+03
-4.578496501027272461e+04,4.880487257366802623e+03
-2.184432802909177553e+04,-3.777800165408426892e+03
-6.022850218990089343e+04,3.687979362461516757e+03
4.461827162156001577e+03,1.017526644152864492e+03
-1.809051262264661273e+04,1.244922010433187552e+03
-2.385697636986275756e+04,3.273083756722042835e+03
-4.774547228351985541e+04,-2.298687218705210853e+03
-5.688528133886378055e+04,2.388400648560071659e+03
-7.757587766944550822e+03,7.597633174759972690e+02
-5.908980933286109939e+04,2.211020763950744822e+03
3.804733181398301531e+04,7.241977478645143492e+03
-2.338262828548254765e+04,-6.376241094761658132e+03
-8.708134669992962154e+04,5.658261083074044109e+02
-9.616145616572887229e+04,2.918776371079200089e+02
-8.752299753796625009e+04,1.311840144551347521e+03
-7.751028902443349943e+04,1.701304076027277233e+03
-8.619856766130700998e+04,1.812407640236482393e+03
-5.346985020713201084e+04,2.316030871997576469e+03
-4.943233053314232529e+04,-5.274211541995627158e+03
-9.710863286443483958e+04,1.241910361820578373e+03
-9.151381133976455021e+04,1.633761172036137168e+03
-1.016787682433682494e+05,1.048542982245188796e+03
-9.362834921096611652e+04,1.231970178001085060e+03
-9.364146367254684446e+04,8.891085408822353884e+02
-8.582501753430374083e+04,5.756373552411318997e+02
-7.729670632020222547e+04,-3.601608543341012023e+02
-9.015489328231359832e+04,1.476981796777876298e+03
-5.497613690835094167e+04,-1.719841164483363400e+03
-8.695984282309768605e+04,9.022678937871099834e+02
-7.707992352697547176e+04,2.437550817991037093e+03
-8.551827723993883410e+04,-3.343613195806203180e+02
-7.413442261242236418e+04,1.427124416674750137e+03
-9.671953202781955770e+04,6.494702071675366142e+02
-8.610216410618081864e+04,1.967657367825652045e+03
-8.739545873194347951e+04,1.663157427469556296e+03
-9.752575970389485883e+04,9.489173190386064789e+02
-1.004998731220587360e+05,1.039609938161067703e+03
-9.648171602812274068e+04,1.117267478358787457e+03
-1.021049319297938491e+05,1.289820511489507680e+03
-9.890451070718190749e+04,5.141080764433754666e+02
-9.784599518117490516e+04,8.061274882396367047e+02
-7.844788742042222293e+04,1.056270254018917285e+03
-9.072221798013080843e+04,1.766188422949983533e+03
6.419805713741935324e+05,-6.476775103547146500e+03
9.064609161085827509e+04,-1.405845539258837789e+03
2.874789887224194899e+04,1.720380795621834295e+03
8.480947569807325635e+03,4.124792078159150151e+03
1.705803828347542731e+04,3.525584721295259442e+03
-3.985557535456290498e+04,1.101012139107212079e+03
-7.256234771705353342e+04,1.882936072633448020e+03
-6.455043578105375491e+04,3.931477830311177513e+03
-6.648493010879527719e+04,1.991917440182638529e+03
-5.378334081843503373e+04,1.769705436141938208e+03
-1.256073294646995237e+04,1.043550137548020984e+03
-4.305691045334301452e+04,1.887217092486890124e+03
-5.054311394143574580e+04,4.130139310931799628e+02
-5.245979575823635969e+04,4.172148883799462965e+03
-1.007080958572425588e+05,1.118871129520508930e+03
-6.229147700499472558e+04,-1.841682575243373094e+03
-8.806982861676577886e+04,1.177589159707565159e+03
-7.698753160786736407e+04,1.851687447994658896e+03
5.276999220845774980e+05,-1.348416165455754026e+03
1.653526537762724329e+05,5.863258934502840930e+03
1.038525371182703529e+05,4.860093365297852870e+03
-1.266114549653767244e+04,3.223406382483073685e+03
-2.829219162893717657e+04,2.161918708473732295e+03
-5.210162101854468347e+03,8.569175095876099704e+02
-7.211850879227575206e+04,1.807580435161472906e+03
-5.334061040044586116e+04,1.181532224690727617e+03
-6.982816331049220753e+04,2.286124719933618508e+03
-6.838343205381433654e+04,-2.791164568561214764e+03
-8.882040784542210167e+04,8.781803289544909603e+02
-7.181158252371926210e+04,5.187355235208018485e+02
-9.315424598009930924e+04,7.256910022152296733e+02
-6.965557811515641515e+04,1.401202392277515855e+03
-7.624944658884545788e+04,2.253924712686537077e+02
-1.021427928135960537e+05,1.188601727082804246e+03
-9.566223369997949339e+04,1.576473127480370067e+03
-7.771269526142248651e+04,9.105283352364302800e+02
-8.714184407743655902e+04,6.761656923714058394e+02
-7.582535853387952375e+04,-2.758187983661562157e+02
-1.010303415268788813e+05,1.345697249065989581e+03
-9.908912502391137241e+04,1.459010029591429429e+03
-9.431275934991428221e+04,1.520556032940493651e+03
-8.201825063643381873e+04,2.319208681389250160e+03
-9.708038187172482139e+04,1.428980882021644447e+03
-9.735910646566687501e+04,1.083584505479080917e+03
8.565076971588721499e+05,7.872805529614861371e+02
6.179788294684540597e+04,2.685019562590417081e+03
-6.681535363510396564e+04,1.718522399598250786e+03
-6.746472330813667213e+04,2.276257550609495411e+03
-1.533347721237793485e+04,3.476820891313122956e+03
-3.428837784861194086e+04,2.274903686628764262e+03
-7.710879302959771303e+04,2.032488986961339606e+03
-7.698532066763904004e+04,1.616228263442668322e+03
5.385612380476998078e+04,4.230988163044487919e+03
-2.581835530236429258e+04,-7.804520575289298279e+01
-4.252880155119925621e+04,2.390317621477621742e+03
9.711686698246639571e+04,1.489630465391853249e+03
-5.537680070342382533e+04,1.179109001752615995e+03
-4.232827204574555799e+04,3.585790806079124195e+03
-5.121707852259717765e+04,3.075488882924545123e+03
-2.965728548500709439e+04,3.832889093595348641e+03
-4.135004554446077964e+04,4.142940239522726188e+03
-5.751895304133073660e+04,2.967420198587750747e+03
8.207359499617054098e+03,-4.919426988625350532e+03
-1.034658867791522207e+05,1.080355113682019237e+03
-1.030996322590088967e+05,1.068060020774463055e+03
-6.573136606445504003e+04,2.676777473456772441e+03
-8.684975235470420739e+04,1.285954536525836829e+03
-8.559836803773048450e+04,1.829897312693218964e+03
-8.192589643351570703e+04,1.226723363518936594e+03
-9.372195997338522284e+04,9.748719337853888192e+02
-8.983758010819605261e+04,1.829940369061092269e+03
-9.004094459090700548e+04,1.985658093734858312e+03
-7.745146120243905170e+04,1.461567849805369406e+03
-9.039249199658777798e+04,1.531668071550946706e+03
-9.405971725893346593e+04,1.579256190553353235e+03
-8.284878689321993443e+04,1.210538628910763009e+03
-1.013709918334342801e+05,1.126409270784775799e+03
-1.010312877542641800e+05,1.217893126861961491e+03
-8.821923964625012013e+04,1.889166899420701839e+03
-9.497712035136179475e+04,7.804434682247014052e+02
-9.124612655131213251e+04,1.467847394497512596e+03
-8.464624344015086535e+04,1.920299703649549883e+03
-9.350452149126949371e+04,1.530429406774257586e+03
-9.362723183225901448e+04,1.117484670943154242e+03
-9.292496509708551457e+04,1.332669274542466837e+03
-9.335980173136455414e+04,1.352882356203260542e+03
-9.562890820912222262e+04,1.381815276580501859e+03
4.126489007317044307e+05,1.918349867255111167e+04
3.563198219302877260e+04,-6.928825131695415621e+03
-3.139546293973597494e+04,-9.700402161628985596e+02
6.979136466010153526e+04,-9.928065960930961182e+02
-7.770557251331731095e+03,2.730080498859109412e+03
-1.748659455885785064e+04,-4.142915511379652344e+03
9.689906094603608653e+04,-6.119790557472980254e+03
-2.184061235061529078e+04,-9.497912023126169515e+03
7.175924357325579331e+04,-1.038670133111868927e+04
-2.183437036486114448e+04,1.954574377052088948e+03
-4.650170050779794110e+04,-5.081235133031421356e+03
-9.590022250126293511e+04,1.188923516522331511e+03
-9.884189168893943133e+04,1.366037587971751236e+03
-1.013086557802646712e+05,1.058142442420030875e+03
-8.991407089630109840e+04,7.719427524184625327e+02
-8.219576755942740419e+04,1.120867357747860524e+03
-8.715092233387482702e+04,2.067068788402757946e+03
-9.592662902411723917e+04,8.904051206383669523e+02
-8.722419286963556078e+04,5.440170551834157777e+02
-9.659538189510836673e+04,1.199379051038754824e+03
-4.841789001561318582e+04,-4.721042025722397739e+03
-8.144238369385762780e+04,2.171539337748487924e+03
-6.072087048377652536e+04,1.170847527817456694e+03
-8.000146341965904867e+04,-1.782434706011087826e+02
-7.875079048765968764e+04,-2.356904185313204835e+03
-4.533115811441421101e+04,4.725218266566101192e+03
-7.977170116868641344e+04,-8.255710296579882197e+02
-5.039994416203229048e+04,-1.694709851046440463e+03
-1.029130480525823805e+05,1.068388719254453008e+03
-1.026359610387844150e+05,1.221482907779129846e+03
-1.027646618888497469e+05,1.104651874653065533e+03
-1.033849199977585668e+05,1.099672517451209160e+03
-1.018620836376163934e+05,1.042782667069335957e+03
-1.031369240003969899e+05,9.688191457212900559e+02
-1.019320044916231855e+05,1.127186852882313588e+03
-1.015664048543680256e+05,1.188943819509551076e+03
-9.040896449023675814e+04,1.589994275769191518e+03
-6.572469439970550593e+04,-3.668955085618556950e+03
-1.021613169076211780e+05,1.164744940351988134e+03
-9.773465545845215092e+04,1.362533113132494918e+03
-1.014491054638420464e+05,1.137005139015664781e+03
